ABILENETX.GOV,"   p=none; pct=5; rua=mailto:postmaster@abilenetx.com"""
ABITASPRINGSLA.GOV,"   p=none; rua=mailto:support@abitaspringsla.gov"""
ACNJ.GOV,"  p=none;sp=none;adkim=r;aspf=r; fo=0;rf=afrf; rua=mailto:rua+acnj.gov@dmarc.barracudanetworks.com;ruf=mailto:rua+acnj.gov@dmarc.barracudanetworks.com"""
ADAMSCOUNTYMS.GOV,"  p=none"""
ADDISONWI.GOV,"   p=none; rua=mailto:3foldit@addisonwi.gov"""
ADLNET.GOV,"   p=none;   rua=mailto:security@adlnet.gov; ruf=mailto:security@adlnet.gov"""
AGUTAH.GOV,"   p=none; rua=mailto:8x0atoa7@ag.us.dmarcian.com;"""
AI.GOV,"   p=none"""
AIKENCOUNTYSC.GOV, null
AKCOURTS.GOV,"   p=none; rua=mailto:dmarc_rua@emaildefense.proofpoint.com; ruf=mailto:dmarc_ruf@emaildefense.proofpoint.com;fo=1"""
AKRONOHIO.GOV,"   p=none; rua=mailto:DMARCrua@akronohio.gov;"""
ALACHUACOUNTY.GOV,"   p=none; rua=mailto:dmarc_rua@emaildefense.proofpoint.com; ruf=mailto:dmarc_ruf@emaildefense.proofpoint.com;fo=1"""
ALBANYOREGON.GOV,"   p=none;   rua=mailto:re+anqu55ibv7b@dmarc.postmarkapp.com; sp=none; aspf=r;"""
ALEA.GOV,"   p=none; rua=mailto:dmarc_agg@vali.email; ruf=mailto:abuse@alea.gov;  """
ALEKNAGIKAK.GOV, null
ALEXANDRIAVA.GOV,"   p=none;   rua=mailto:re+dzd80id0kia@dmarc.postmarkapp.com; sp=none; aspf=r;"""
ALFREDME.GOV,"     sp=none; adkim=r; aspf=r;   fo=0; rf=afrf; ri=302400; rua=mailto:dlowe@alfredme.gov; ruf=mailto:dlowe@alfredme.gov"""
ALSTEADNH.GOV,"   p=none;   rua=mailto:05fabd57@mxtoolbox.dmarc-report.com; ruf=mailto:05fabd57@forensics.dmarc-report.com;"""
AMITECOUNTYMS.GOV,"   p=none;"""
ANDOVERMA.GOV,"   p=none; rua=mailto:dmarc@andoverma.us; ruf=mailto:dmarc@andoverma.us; fo=1"""
ANDOVERMN.GOV,"   p=none;   rua=mailto:rua+andovermn.gov@dmarc.barracudanetworks.com; ruf=mailto:ruf+andovermn.gov@dmarc.barracudanetworks.com"""
ANTIOCHCA.GOV,"  p=none"""
APPLEVALLEYCA.GOV,"   p=none;   rua=mailto:rua+applevalleyca.gov@dmarc.barracudanetworks.com; ruf=mailto:ruf+applevalleyca.gov@dmarc.barracudanetworks.com"""
APPLEVALLEYMN.GOV,"   p=none; ruf=mailto:abuse@applevalleymn.gov; fo=0:1:d:s;  """
APTX.GOV,"   p=none; rua=mailto:50db2c915cd2.a@dmarcinput.com; ruf=mailto:50db2c915cd2.f@dmarcinput.com;    """
AR.GOV,"  "" ""p=none;"" "" "" ""rua=mailto:saexchange2k@arkansas.gov;"" ""sp=none;"""
ARANSASCOUNTYTX.GOV,   p=none; sp=none; rua=mailto:5762b07620@rep.dmarcanalyzer.com
ARDOT.GOV,"   p=none; rua=mailto:dmarcreports@ardot.gov; ruf=mailto:dmarcforensics@ardot.gov; fo=1"""
ARKANSAS.GOV,"   p=none;   rua=mailto:saexchange2k@arkansas.gov; sp=none;"""
ARLINGTONTX.GOV,"   p=none;  """
ARTREASURY.GOV,"   p=none;   rua=mailto:rua+artreasury.gov@dmarc.barracudanetworks.com; ruf=mailto:ruf+artreasury.gov@dmarc.barracudanetworks.com"""
AS.GOV,   p=none; rua=mailto:andrew.berquist@tr.as.gov
ASHLANDCITYTN.GOV,"   p=none; rua=mailto:bfd9e54da8c2054@rep.dmarcanalyzer.com; ruf=mailto:bfd9e54da8c2054@for.dmarcanalyzer.com; fo=1"""
ATLANTISFL.GOV,"   p=none;   rua=mailto:rua+atlantisfl.gov@dmarc.barracudanetworks.com; ruf=mailto:ruf+atlantisfl.gov@dmarc.barracudanetworks.com"""
ATTICA-IN.GOV,"   p=none;   rua=mailto:dmarc@awebco.com"""
AUGLAIZECOUNTY-OHIO.GOV,"  p=none;sp=none;adkim=r;aspf=r; fo=0;rf=afrf; ruf=mailto:dmarcreports@auglaizecounty-ohio.gov;ruf=mailto:dmarcreports@auglaizecounty-ohio.gov"""
AUGUSTAGA.GOV,   p=none; s    rua=mailto:re+hbtff7wdifc@dmarc.postmarkapp.com
AUSTIN.GOV,"   p=none; rua=mailto:dmarc_agg@valigov.email"""
AUSTINTEXAS.GOV,"   p=none; rua=mailto:dmarc_agg@valigov.email"""
AUSTINTX.GOV,"   p=none; rua=mailto:dmarc_agg@valigov.email"""
AVONDALEAZ.GOV,"   p=none;   rua=mailto:re+qqmimfshlac@dmarc.postmarkapp.com; sp=none; aspf=r;"""
AZACCOUNTANCY.GOV,"   p=none;   rua=mailto:dmarc_rua@emaildefense.proofpoint.com;ruf=mailto:dmarc_ruf@emaildefense.proofpoint.com"""
AZADC.GOV,"   p=none;   rua=mailto:dmarc_rua@emaildefense.proofpoint.com;ruf=mailto:dmarc_ruf@emaildefense.proofpoint.com"""
AZAHCCCS.GOV,"   p=none;   rua=mailto:dmarc_rua@arizona.gov"""
AZARTS.GOV,"   p=none;   rua=mailto:dmarc_rua@emaildefense.proofpoint.com;ruf=mailto:dmarc_ruf@emaildefense.proofpoint.com"""
AZASRS.GOV,"   p=none;   rua=mailto:dmarc_rua@arizona.gov"""
AZBN.GOV,"   p=none;   rua=mailto:dmarc_rua@arizona.gov"""
AZBOC.GOV,"   p=none;   rua=mailto:dmarc_rua@emaildefense.proofpoint.com;ruf=mailto:dmarc_ruf@emaildefense.proofpoint.com"""
AZBTR.GOV,"   p=none;   rua=mailto:dmarc_rua@emaildefense.proofpoint.com;ruf=mailto:dmarc_ruf@emaildefense.proofpoint.com"""
AZCC.GOV,"   p=none; ruf=mailto:postmaster@azcc.gov; fo=1"""
AZCJC.GOV,"   p=none;   rua=mailto:dmarc_rua@arizona.gov"""
AZCLEANELECTIONS.GOV,"   p=none;   rua=mailto:dmarc_rua@arizona.gov"""
AZCORRECTIONS.GOV,"   p=none;   rua=mailto:dmarc_rua@emaildefense.proofpoint.com;ruf=mailto:dmarc_ruf@emaildefense.proofpoint.com"""
AZDA.GOV,"   p=none;   rua=mailto:dmarc_rua@arizona.gov"""
AZDCS.GOV,"   p=none; rua=mailto:dmarcreport@azdcs.gov; ruf=mailto:dmarcreport@azdcs.gov; fo=0;   ri=86400"""
AZDEMA.GOV,"   p=none;   rua=mailto:dmarc_rua@arizona.gov"""
AZDEQ.GOV,"   p=none;   rua=mailto:dmarc_rua@arizona.gov"""
AZDES.GOV,"   p=none;   rua=mailto:dmarc_rua@arizona.gov"""
AZDHS.GOV,   p=none;   rua=mailto:dmarc_rua@emaildefense.proofpoint.com
AZDJC.GOV,"   p=none;   rua=mailto:dmarc_rua@arizona.gov"""
AZDO.GOV,"   p=none;   rua=mailto:dmarc_rua@arizona.gov"""
AZDOA.GOV,"   p=none;   rua=mailto:dmarc_rua@arizona.gov"""
AZDOC.GOV,"   p=none;   rua=mailto:dmarc_rua@emaildefense.proofpoint.com;ruf=mailto:dmarc_ruf@emaildefense.proofpoint.com"""
AZDOHS.GOV,"   p=none;   rua=mailto:dmarc_rua@arizona.gov"""
AZDOR.GOV,"   p=none;   rua=mailto:dmarc_rua@emaildefense.proofpoint.com;ruf=mailto:dmarc_ruf@emaildefense.proofpoint.com"""
AZDOSH.GOV,"   p=none;   rua=mailto:dmarc_rua@arizona.gov"""
AZDOT.GOV,"   p=none;   rua=mailto:dmarc_rua@arizona.gov"""
AZED.GOV,"   p=none; rua=mailto:dmarc_agg@vali.email;"""
AZGOHS.GOV,"   p=none;   rua=mailto:dmarc_rua@emaildefense.proofpoint.com;ruf=mailto:dmarc_ruf@emaildefense.proofpoint.com"""
AZHS.GOV,"   p=none;   rua=mailto:dmarc_rua@emaildefense.proofpoint.com;ruf=mailto:dmarc_ruf@emaildefense.proofpoint.com"""
AZICA.GOV,"   p=none;   rua=mailto:dmarc_rua@arizona.gov"""
AZLIQUOR.GOV,"   p=none;   rua=mailto:dmarc_rua@emaildefense.proofpoint.com;ruf=mailto:dmarc_ruf@emaildefense.proofpoint.com"""
AZLOTTERY.GOV,"   p=none;   rua=mailto:dmarc_rua@emaildefense.proofpoint.com;ruf=mailto:dmarc_ruf@emaildefense.proofpoint.com"""
AZPHARMACY.GOV,"   p=none;   rua=mailto:dmarc_rua@emaildefense.proofpoint.com;ruf=mailto:dmarc_ruf@emaildefense.proofpoint.com"""
AZPOST.GOV,"   p=none;   rua=mailto:dmarc_rua@emaildefense.proofpoint.com;ruf=mailto:dmarc_ruf@emaildefense.proofpoint.com"""
AZPPSE.GOV,"   p=none;   rua=mailto:dmarc_rua@arizona.gov"""
AZRANGERS.GOV,"   p=none; rua=mailto:aeb0dd152b5e362@rep.dmarcanalyzer.com"""
AZRE.GOV,"   p=none;   rua=mailto:dmarc_rua@emaildefense.proofpoint.com;ruf=mailto:dmarc_ruf@emaildefense.proofpoint.com"""
AZRUCO.GOV,"   p=none;   rua=mailto:dmarc_rua@emaildefense.proofpoint.com;ruf=mailto:dmarc_ruf@emaildefense.proofpoint.com"""
AZSAL.GOV,"   p=none;   rua=mailto:dmarc_rua@arizona.gov"""
BALDWINCOUNTYAL.GOV,"   p=none; rua=mailto:BCCPhishing@baldwincountyal.gov; ruf=mailto:BCCPhishing@baldwincountyal.gov; sp=none;  adkim=r; aspf=r; rf=afrf"""
BALTIMORECITY.GOV,"   p=none;   rua=mailto:9b027d85@mxtoolbox.dmarc-report.com; ruf=mailto:9b027d85@forensics.dmarc-report.com;"""
BANGORMAINE.GOV,"   p=none; rua=mailto:emailstatus@bangormaine.gov; ruf=mailto:emailstatus@bangormaine.gov; fo=1"""
BARNSTABLECOUNTY-MA.GOV, null
BARTLETTIL.GOV,"  p=none;rua=mailto:dmarc@bartlettil.gov;ruf=mailto:dmarc@bartlettil.gov;"""
BATESVILLEARKANSAS.GOV, null
BATHCOUNTYVA.GOV,"   p=none"""
BAYVOTESFL.GOV,"   p=quarantine; sp=none;   rua=mailto:dmarc@bayvotes.org; ruf=mailto:dmarc@bayvotes.org;  """
BCFP.GOV,   p=none;   rua=mailto:_dl_treasurydmarcrua@treasury.gov
BEACHHAVEN-NJ.GOV,"   p=none"""
BEACONNY.GOV,"   p=none; rua=mailto:beaconit@beaconny.gov;"""
BEAUXARTS-WA.GOV,"   p=none;"""
BEAVERTONOREGON.GOV,"   p=none;   rua=mailto:dmarc_rua@emaildefense.proofpoint.com; ruf=mailto:dmarc_ruf@emaildefense.proofpoint.com"""
BEDFORDCOUNTYTN.GOV,"   p=none; rua=mailto:9e4c24e2@mxtoolbox.dmarc-report.com; ruf=mailto:9e4c24e2@forensics.dmarc-report.com; fo=1"""
BEDFORDCOUNTYVA.GOV,   p=none;   rua=mailto:EmailAdmin@bedfordcountyva.gov
BELLEPLAINEIOWA.GOV,"   p=none; rua=mailto:john@forbintech.com"""
BELMONT-MA.GOV,"   p=none;   rua=mailto:re+vg8uzbqpdjr@dmarc.postmarkapp.com; sp=none; aspf=r"""
BELMONTNH.GOV,"   p=none;  """
BENBROOK-TX.GOV,"   p=none;   ruf=mailto:DMARC@benbrook-tx.gov; rua=mailto:DMARC@benbrook-tx.gov"""
BENDOREGON.GOV,"   p=none"""
BENTONCOUNTYAR.GOV,"   p=none"""
BERGENFIELDNJ.GOV,"   p=none; adkim=s; aspf=s; rua=mailto:aa127mq133@rua.powerdmarc.com; ruf=mailto:aa127mq133@ruf.powerdmarc.com;  """
BERKELEYCOUNTYSC.GOV,"   p=none"""
BERLINCT.GOV,"  "" ""p=none"""
BERNCO.GOV,"   p=none; rua=mailto:dmarc@bernco.gov"""
BERWICKPA.GOV,"     sp=none; rf=afrf;   ri=86400"""
BERWYN-IL.GOV,"   p=quarantine; rua=mailto:abuse@berwyn-il.gov; fo=0; adkim=r; aspf=r;   rf=afrf;   sp=none"""
BETHELPARKPAPOLICE.GOV,"   p=quarantine; rua=mailto:it@bethelparkpapolice.gov; sp=none; adkim=s;"""
BETSYLEHMANCENTERMA.GOV,"   p=none; rua=mailto:aggrep@chiamass.gov"""
BEVERLYMA.GOV,"   p=none; rua=mailto:webmaster@beverlyma.gov;"""
BILLINGSCOUNTYND.GOV,"  p=none; rua=mailto:postmaster@nd.gov"""
BILLINGSMT.GOV,"   p=none; rua=mailto:f99d18bf2597064@rep.dmarcanalyzer.com; ruf=mailto:f99d18bf2597064@for.dmarcanalyzer.com;  """
BLADENSBURGMD.GOV,"   p=none; rua=mailto:tcollington@bladensburgmd.gov"""
BLUEHILLME.GOV,"   p=none; rua=mailto:smiller@bluehillme.gov; ruf=mailto:smiller@bluehillme.gov; rf=afrf;   ri=86400"""
BOENYC.GOV,"   p=none; rua=mailto:misdevops@boe.nyc"""
BOERNE-TX.GOV,   p=none; rua=mailto:826a7003@mxtoolbox.dmarc-report.com
BOSTON.GOV,   p=none; sp=none; rua=mailto:dmarc@boston.gov
BOTETOURTVA.GOV,"   p=none;   rua=mailto:rua+botetourtva.gov@dmarc.barracudanetworks.com; ruf=mailto:ruf+botetourtva.gov@dmarc.barracudanetworks.com"""
BOULDERCOUNTY.GOV,"   p=none; rua=mailto:dmarc_agg@vali.email; ruf=mailto:dmarc@bouldercounty.org;  """
BRADFORDCOUNTYFL.GOV,"   p=none; rua=mailto:it@bradfordcountyfl.gov;"""
BRANSONMO.GOV,"   p=none; rua=mailto:dmarc_agg@vali.email;"""
BRENTWOODCA.GOV,"   p=none; rua=mailto:administrator@brentwoodca.gov; ruf=mailto:administrator@brentwoodca.gov; fo=1"""
BRICKTOWNSHIP-NJ.GOV,"   p=quarantine; rua=mailto:dmarc@bricktownship-nj.gov; ruf=mailto:dmarc@bricktownship-nj.gov; sp=none;   pct=50 """
BRISTOLCT.GOV,"   p=none"""
BRLA.GOV,"   p=none; rua=mailto:23b5ce7aba3c612@rep.dmarcanalyzer.com; ruf=mailto:23b5ce7aba3c612@for.dmarcanalyzer.com;  """
BROKENARROWOK.GOV,"   p=none; rua=mailto:jfreeman@brokenarrowok.gov; ruf=mailto:jfreeman@brokenarrowok.gov;    """
BROOKHAVEN-MS.GOV, null
BROOKLINEMA.GOV,"   p=none; rua=mailto:dmarc_agg@valigov.email"""
BROOKLYNOHIO.GOV,"   p=none; rua=mailto:pfoyw1ek@ag.dmarcian.com; ruf=mailto:pfoyw1ek@fr.dmarcian.com"""
BROOKLYNWI.GOV,       sp=none; rua=mailto:dmarc@sw1cn24j.uriports.com
BROWARDCLERK.GOV,   p=none;   rua=mailto:dmarc_rua@browardclerk.gov
BROWNSVILLETN.GOV,"     sp=none; rf=afrf;   ri=86400"""
BRUNSWICKCOUNTYNC.GOV,"   p=none; ruf=mailto:mis.alerts@brunswickcountync.gov"""
BUCKEYEAZ.GOV,     pct=10; rua=mailto:f31566b0@mxtoolbox.dmarc-report.com
BUCKSCOUNTY.GOV,"   p=none;   ruf=mailto:dmarc@buckscounty.org; rua=mailto:dmarc@buckscounty.org"""
BULLHEADCITYAZ.GOV,"  p=none;rua=mailto:_dmarc@bullheadcityaz.gov;ruf=mailto:_dmarc@bullheadcityaz.gov; adkim=r;sp=none;"""
BUREAUCOUNTY-IL.GOV,"   p=none; rua=mailto:nxt@bureaucounty-il.gov;"""
BURIENWA.GOV,"   p=none; rua=mailto:noreply-reports@burienwa.gov;  """
BURTONMI.GOV,"   p=none; rua=mailto:dmarc_agg@vali.email;"""
BUTLERWI.GOV,"   p=quarantine;   pct=25"""
CABQ.GOV,"   p=none;   rua=mailto:re+t2jbosbdmug@dmarc.postmarkapp.com; sp=none; aspf=r;"""
CALCASIEUSHERIFF.GOV,"   p=none;   rua=mailto:dmarc_rua@emaildefense.proofpoint.com; ruf=mailto:dmarc_ruf@emaildefense.proofpoint.com"""
CALIFORNIACITY-CA.GOV,"   p=none; rua=mailto:cvlbmnwo@ag.dmarcian.com; ruf=mailto:cvlbmnwo@fr.dmarcian.com;"""
CAMBRIDGERETIREMENTMA.GOV,"   p=none;   adkim=r"""
CANALWINCHESTEROHIO.GOV,"   p=none; rua=mailto:rbrown@canalwinchesterohio.gov; pct=80;"""
CANFIELD.GOV,"  p=none;sp=none;adkim=r;aspf=r; fo=0;rf=afrf;ri=86400"""
CANTONMS.GOV,"   p=none"""
CAPECOD.GOV, null
CAPEMAYCOUNTYNJ.GOV,"   p=none; rua=mailto:dmarc@capemaycountynj.gov; ruf=mailto:dmarc@capemaycountynj.gov;  """
CARLISLEMA.GOV,"   p=none; rua=mailto:dmarc_agg@vali.email"""
CARPENTERSVILLEIL.GOV,   p=none; rua=mailto:kroberts@cville.org
CARPINTERIACA.GOV,"   p=none; rua=mailto:foster@policore.com; ruf=mailto:foster@policore.com;   adkim=r; aspf=r"""
CARTERETCOUNTYNC.GOV,"   p=none; rua=mailto:ghlyirbu@ag.dmarcian.com; ruf=mailto:ghlyirbu@fr.dmarcian.com"""
CARTERSVILLEGA.GOV,   p=none; rua=mailto:dmarc_reporting@cartersvillega.gov
CASSCOUNTYMN.GOV,"  p=none; rua=mailto:dmarc@casscountymn.gov; ruf=mailto:dmarc@casscountymn.gov; fo=1"""
CATHEDRALCITY.GOV,"   p=none; rua=mailto:mxsec@cathedralcity.gov; ruf=mailto:mxsec@cathedralcity.gov; sp=none; ri=86400"""
CATRONCOUNTYNM.GOV,"   p=none;"""
CBHCFL.GOV, null
CDAID.GOV,"   rua=mailto:re+jr3sjcqqe5b@inbound.dmarcdigests.com; sp=none;"""
CEBAF.GOV,"    rua=mailto:re+nr7hpgyfnqz@dmarc.postmarkapp.com;sp=none;aspf=r;adkim=r;ruf=mailto:jlab-dmarc-fore@jlab.org"""
CECILGA.GOV, null
CELINAOHIOPD.GOV,"   p=none"""
CENTERCO.GOV,"   p=none; rua=mailto:info@centerco.gov"""
CENTRALFALLSRI.GOV,"   p=none; rua=mailto:postmaster@cfpd.centralfallsri.gov; ruf=mailto:postmaster@cfpd.centralfallsri.gov; fo=1"""
CFA.GOV,   p=none;   rua=mailto:reports@dmarc.cyber.dhs.gov
CFPB.GOV,  p=none;rua=mailto:reports@dmarc.cyber.dhs.gov
CHAMBERSTX.GOV,"  p=none; rua=mailto:4ue6l1gg@ag.dmarcian.com; """
CHAMBLEEGA.GOV,"   p=none;   rua=mailto:rua+chambleega.gov@dmarc.barracudanetworks.com; ruf=mailto:ruf+chambleega.gov@dmarc.barracudanetworks.com"""
CHANDLERAZ.GOV,"   p=none;   rua=mailto:dmarc_rua@emaildefense.proofpoint.com; ruf=mailto:dmarc_ruf@emaildefense.proofpoint.com"""
CHANDLERAZPD.GOV,"  p=none; rua=mailto:dmarc-reports@chandlerazpd.gov"""
CHATHAMCOUNTYNC.GOV,"   p=none; rua=mailto:itengteam@chathamcountync.gov; ruf=mailto:itengteam@chathamcountync.gov;sp=none; ri=86400"""
CHEHALIS-NSN.GOV,"   p=none; rua=mailto:postmaster@chehalis-nsn.gov; aspf=r"""
CHEMUNGCOUNTYNY.GOV,"   p=none; rua=mailto:dmarc@chemungcountyny.gov; ruf=mailto:dmarc@chemungcountyny.gov"""
CHESTERCOUNTYSC.GOV,"   p=none; rua=mailto:dmarc@ChesterCountySC.gov; ruf=mailto:dmarc@ChesterCountySC.gov"""
CHIAMASS.GOV,"   p=none; rua=mailto:aggrep@chiamass.gov"""
CHICAGO.GOV,"   p=none; rua=mailto:dmarc_rua@emaildefense.proofpoint.com; ruf=mailto:dmarc_ruf@emaildefense.proofpoint.com;fo=1"""
CHICAGOELECTIONS.GOV,   p=none; rua=mailto:infosec@chicagoelections.gov
CHICOCA.GOV,"   p=none; sp=none; rua=mailto:bjxfl9r8q1@rua.powerdmarc.com; ruf=mailto:bjxfl9r8q1@ruf.powerdmarc.com;  """
CHIPPEWACOUNTYMI.GOV,"   p=none;   rua=mailto:techies@dstech.net; ruf=mailto:techies@dstech.net"""
CHITIMACHA.GOV,"   p=quarantine; rua=mailto:demarc@chitimacha.gov; ruf=mailto:demarc@chitimacha.gov; sp=none; rf=afrf;   ri=86400"""
CHNJ.GOV,"   p=none; rua=mailto:dmarc@chtownship.com; ruf=mailto:cherryhillmail@chtownship.com; fo=1"""
CHULAVISTACA.GOV,"   p=none; rua=mailto:2f2a227d@mxtoolbox.dmarc-report.com; ruf=mailto:2f2a227d@forensics.dmarc-report.com"""
CIA.GOV,"   p=none;   rua=mailto:demarcreports@uce.cia.gov; ruf=mailto:demarcfailures@uce.cia.gov"""
CITYKANKAKEE-IL.GOV,"   p=quarantine; sp=none; rua=mailto:support@citykankakee-il.gov!2m; ruf=mailto:support@citykankakee-il.gov!2m; rf=afrf; pct=25; ri=86400"""
CITYOFAIKENSC.GOV,"   p=quarantine; pct=20; rua=mailto:postmaster@cityofaikensc.gov"""
CITYOFALCOA-TN.GOV, null
CITYOFBINGHAMTON.GOV,"   p=none"""
CITYOFBOSTON.GOV,   p=none; sp=none; rua=mailto:dmarc@boston.gov
CITYOFCHETEK-WI.GOV, null
CITYOFCONWAY-AR.GOV,"   p=none; rua=mailto:o365admins@conwayarkansas.gov; ruf=mailto:o365admins@conwayarkansas.gov; s  ri=86400"""
CITYOFFARMERSVILLE-CA.GOV,"   p=none;  """
CITYOFFARMINGTON-AR.GOV,"   p=none;"""
CITYOFGUNNISON-CO.GOV,"   p=none; rua=mailto:7612fbb3@mxtoolbox.dmarc-report.com; ruf=mailto:7612fbb3@forensics.dmarc-report.com;"""
CITYOFHARVEYIL.GOV,"   p=none; rua=mailto:admin@cityofharveyil.gov;"""
CITYOFKEYWEST-FL.GOV,"   p=none;   rua=mailto:rua+cityofkeywest-fl.gov@dmarc.barracudanetworks.com; ruf=mailto:ruf+cityofkeywest-fl.gov@dmarc.barracudanetworks.com"""
CITYOFLFP.GOV,"   p=none; rua=mailto:dmarc_agg@vali.email"""
CITYOFMILLENGA.GOV,"   p=none; rua=mailto:dmarc@cityofmillenga.gov; ruf=mailto:dmarc@cityofmillenga.gov; fo=1"""
CITYOFPIGEONFORGETN.GOV,"     pct=1; rua=mailto:dmarc.reports@cityofpigeonforgetn.gov; ruf=mailto:dmarc.reports@cityofpigeonforgetn.gov"""
CITYOFPINEBLUFF-AR.GOV,"   p=none;  """
CITYOFPORTLANDTN.GOV, null
CITYOFROCHESTER.GOV," ""\  p=none; rua=mailto:0tgrl5up@ag.dmarcian.com; ruf=mailto:0tgrl5up@fr.dmarcian.com\"""""
CITYOFSENATOBIAMS.GOV, null
CITYOFTITUSVILLEPA.GOV,"   p=none; rua=mailto:support@techworx.io; ruf=mailto:support@techworx.io; fo=1"""
CITYOFWOODWARD-OK.GOV,"   p=none;   rua=mailto:security@cityofwoodward-ok.gov; ruf=mailto:security@cityofwoodward-ok.gov"""
CLARKCOUNTYOHIO.GOV,"   p=none"""
CLAYTONCOUNTYIA.GOV,"   p=none;   rua=mailto:dmarc@claytoncountyia.gov; ruf=mailto:dmarc@claytoncountyia.gov; fo=1"""
CLEVELANDHEIGHTS.GOV,"   p=none; rua=mailto:dmarc@clevelandheights.gov; ruf=mailto:dmarc@clevelandheights.gov"""
CLEWISTON-FL.GOV,"   p=none; rua=mailto:info@clewiston-fl.gov; ruf=mailto:info@clewiston-fl.gov; sp=none; ri=86400"""
CLINTONCOUNTY-IA.GOV,"   p=none;   rua=mailto:dmarc@clintoncounty-ia.gov; ruf=mailto:dmarc@clintoncounty-ia.gov; fo=1"""
CLINTONTOWNSHIP-MI.GOV,"   p=none; rua=mailto:dmarc_agg@vali.email"""
CMTS.GOV,   p=none; sp=none;     rf=afrf;   rua=mailto:DMARC_reports@dot.gov
COCOAFL.GOV,"   p=none; rua=mailto:itmonitoring@cocoafl.org; ruf=mailto:itmonitoring@cocoafl.org;  """
COLLEGEVILLE-PA.GOV,"   p=none;   rua=mailto:re+elcela4wspb@dmarc.postmarkapp.com"""
COLLIERVILLETN.GOV,"   p=none; ruf=mailto:sysad@colliervilletn.gov; rua=mailto:sysad@colliervilletn.gov"""
COLORADO.GOV,"   p=none;   rua=mailto:dmarc_rua@emaildefense.proofpoint.com; ruf=mailto:dmarc_ruf@emaildefense.proofpoint.com"""
COLORADORANGERS.GOV,"   sp=none;adkim=s;aspf=s; fo=0;rf=afrf;ri=86400"""
COLORADOSOS.GOV,   p=none;   rua=mailto:1450a079a36a.a@dmarcinput.com
COLUSA-NSN.GOV,"     rua=mailto:it-systems@colusa-nsn.gov; ruf=mailto:it-systems@colusa-nsn.gov; rf=afrf; sp=none; fo=0:1;     adkim=s; aspf=s"""
COMO.GOV,"   p=none; rua=mailto:spf.report@como.gov"""
CONSUMERFINANCE.GOV,  p=none;rua=mailto:reports@dmarc.cyber.dhs.gov
CONWAYARKANSAS.GOV,"   p=none; rua=mailto:o365admins@conwayarkansas.gov; ruf=mailto:o365admins@conwayarkansas.gov; s  ri=86400"""
COOKCOUNTYIL.GOV,"   p=none; rua=mailto:aggregate@cookcountyil.gov"""
COR.GOV,"   p=none;   rua=mailto:dmarc@cor.gov;"""
CORALSPRINGS.GOV,"   p=none; rua=mailto:mimecast@coralsprings.gov; ruf=mailto:mimecast@coralsprings.gov;  """
CORBIN-KY.GOV, null
CORONACA.GOV,"   p=none;  """
COSTILLACOUNTY-CO.GOV,"   p=none; rua=mailto:dmarc@costillacounty-co.gov"""
COTAK.GOV, null
COTTAGEGROVEMN.GOV,"   p=none; rua=mailto:emailreports@cottagegrovemn.gov"""
COWCREEK-NSN.GOV,"  p=quarantine;pct=60;rua=mailto:ccdmarc_admin@cowcreek-nsn.gov"""
COWLITZWA.GOV,"   p=none;   rua=mailto:dmarcReport@cowlitzwa.gov; ruf=mailto:dmarcReport@cowlitzwa.gov; """
CRHC-NSN.GOV,"   p=none"""
CSB.GOV,"   p=none; rua=mailto:dmarc-reports@csb.gov; ruf=mailto:dmarc-reports@csb.gov;   sp=none; fo=1"""
CT.GOV,   p=quarantine; sp=none; rua=mailto:dmarc_agg@valigov.email
CULLMANAL.GOV, null
CUMBERLANDCOIL.GOV,"   p=none"""
CUMBERLANDCOUNTYPA.GOV,"   p=quarantine; sp=none; rua=mailto:bsfquarantine@cumberlandcountypa.gov; ruf=mailto:bsfquarantine@cumberlandcountypa.gov; rf=afrf;   ri=86400"""
CUMBERLANDCOUNTYTN.GOV, null
CURRITUCKCOUNTYNC.GOV,"   p=none; rua=mailto:kexhmjp1@ag.us.dmarcian.com; ruf=mailto:kexhmjp1@fr.us.dmarcian.com;   s """
CUYAHOGACOUNTY.GOV,   p=none;   rua=mailto:dmarc@cuyahogacounty.us
DARIENCT.GOV,"   p=quarantine; rua=mailto:sengland@darienct.gov; pct=90; sp=none"""
DARIENTOWNWI.GOV,"   p=none;"""
DARIENVILLAGEWI.GOV,"   p=none; """
DAUPHINCOUNTY.GOV,"   p=none; rua=mailto:dmarc@dauphincounty.gov; ruf=mailto:dmarcf@dauphincounty.gov;  """
DAVIDSONCOUNTYNC.GOV,"   p=none;   rua=mailto:dmarc@davidsoncountync.gov; ruf=mailto:dmarc@davidsoncountync.gov; fo=1"""
DAVIECOUNTYNC.GOV,"   p=none;rua=mailto:postmaster@daviecountync.gov"""
DAVISCOUNTYUTAH.GOV,"   p=none; rua=mailto:admin@co.davis.ut.us"""
DAWSONCOUNTYGA.GOV,"  p=none; rua=mailto:cburt@dawsoncountyga.gov"""
DAYTONOHIO.GOV,"   p=none; rua=mailto:it-postmaster@daytonohio.gov; ruf=mailto:it-postmaster@daytonohio.gov; ri=84600;"""
DC.GOV,"   p=none; rua=mailto:a6p7qzhr@ag.dmarcian.com;"""
DCCOUNCIL.GOV,"   p=none; rua=mailto:zfzn9g7p@ag.us.dmarcian.com;"""
DCONC.GOV,"   p=none; rua=mailto:dmarc_agg@vali.email;"""
DECATUR-AL.GOV,"   p=none;   rua=mailto:mailreports@decatur-al.gov; ruf=mailto:mailreports@decatur-al.gov"""
DECATURIL.GOV,"   p=none; sp=none; rua=mailto:dmarc@mailinblue.com!10m; ruf=mailto:dmarc@mailinblue.com!10m; rf=afrf;   ri=86400"""
DELAWARE.GOV,"   p=none; rua=mailto:dmarc_agg@vali.email;"""
DEMOPOLISAL.GOV,"   p=quarantine; pct=10; rua=mailto:dmarc@demopolisal.gov; ruf=mailto:dmarc@demopolisal.gov"""
DENTONCOUNTYESD1.GOV,"   p=none; rua=mailto:web@dentoncountyesd1.gov"""
DETROITMI.GOV,"   p=none; rua=mailto:dmarc_agg@vali.email;"""
DEWITTCOUNTYIL.GOV,"   p=none; rua=mailto:iehzkwar@ag.us.dmarcian.com;"""
DFSPDFL.GOV,"   p=none; rua=mailto:blackrd@dfspd.net"""
DICKINSONCOUNTYIOWA.GOV,"   p=none;   rua=mailto:dmarc@dickinsoncountyiowa.gov; ruf=mailto:dmarc@dickinsoncountyiowa.gov; fo=1"""
DICKINSONTEXAS.GOV,"  p=quarantine; sp=none; rua=mailto:rene.valdez@dickinsontexas.gov; ruf=mailto:rene.valdez@dickinsontexas.gov; rf=afrf;   adkim=r; aspf=r"""
DOUGLASCOUNTYIL.GOV,"   p=none; rua=mailto:it@douglascountyil.gov"""
DUNCANOK.GOV,"   p=none;   rua=mailto:2b36b534@mxtoolbox.dmarc-report.com; ruf=mailto:2b36b534@forensics.dmarc-report.com;"""
DUNLAPTN.GOV,"  p=none; rua=mailto:postmaster@bledsoe.net"""
DUPAGECOUNTY.GOV,"   p=none; rua=mailto:dmarc_agg@vali.email;"""
DUPONTWA.GOV,"   p=none; rua=mailto:brightwire@dupontwa.gov; aspf=r"""
EASTBRIDGEWATERMA.GOV,"   p=none;   rua=mailto:rua+eastbridgewaterma.gov@dmarc.barracudanetworks.com; ruf=mailto:ruf+eastbridgewaterma.gov@dmarc.barracudanetworks.com"""
EASTCOVENTRY-PA.GOV,"   p=none; rua=mailto:dmarcadmins@mail.aperion.com;"""
EASTHAMPTONMA.GOV,"   p=none; rua=mailto:iris@easthamptonma.gov; ruf=mailto:iris@easthamptonma.gov; sp=none; pct=5; ri=86400"""
EASTHAMPTONVILLAGENY.GOV,"   p=none; rua=mailto:security@easthamptonvillageny.gov; ruf=mailto:security@easthamptonvillageny.gov"""
EASTLONGMEADOWMA.GOV,"   p=none; rua=mailto:dmarc@eastlongmeadowma.gov; sp=none; ri=86400"""
EASTON-PA.GOV,"   p=none;   sp=none; rua=mailto:re+2c7e4b716d9e@inbound.dmarcdigests.com;"""
EASTWASHINGTONPA.GOV,"   p=none"""
EDENNY.GOV,"  p=none;sp=none;adkim=r;aspf=r; fo=0;rf=afrf;ri=86400"""
EHAWAII.GOV,   p=none; sp=none;   ri=82800; rua=mailto:state-of-hawaii@rua.agari.com
ELIZABETHTOWN-NY.GOV,"  p=none;sp=none;adkim=r;aspf=r; fo=0;rf=afrf; rua=mailto:abuse@westelcom.com;ruf=mailto:abuse@westelcom.com"""
ELKRIVERMN.GOV,   p=none; rua=mailto:8570943f@mxtoolbox.dmarc-report.com
ELMIRAGEAZ.GOV,"   p=none; rua=mailto:d6e9f27bf8e6356@rep.dmarcanalyzer.com; ruf=mailto:d6e9f27bf8e6356@for.dmarcanalyzer.com;  """
ELRENOOK.GOV,"   p=none; rua=mailto:it@elrenook.gov;"""
ENCINITASCA.GOV,"   p=none;   rua=mailto:dmarc@encinitasca.gov; ruf=mailto:dmarc@encinitasca.gov; fo=1"""
ENERGYCODES.GOV,"  "" "" "" ""sp=none;"" "" "" "" "" "" "" ""rua=mailto:reports@dmarc.cyber.dhs.gov"
ENERGYCOMMUNITIES.GOV,   p=none; fo=0;   adkim=r; aspf=r; rf=afrf;   rua=mailto:rua@netl.doe.gov
EPCOUNTYTX.GOV,"   p=none;       rua=mailto:a4cf8265@inbox.ondmarc.com; ruf=mailto:a4cf8265@inbox.ondmarc.com;"""
ERIE.GOV,"  p=none"""
ERIECO.GOV,"   p=none; rua=mailto:postmaster@erieco.gov; sp=none; ri=86400"""
ESCONDIDOCA.GOV,"   p=none; rua=mailto:mailops@escondido.org; ruf=mailto:mailops@escondido.org;  """
ESTERO-FL.GOV,"   p=none"""
EUGENE-OR.GOV,"   p=none; rua=mailto:dmarc_agg@vali.email;"""
EULESSTX.GOV,"   p=none; rua=mailto:postmaster@eulesstx.gov;"""
EUTAWAL.GOV,"   p=none; rua=mailto:2j5o8o3r1j@rua.powerdmarc.com; ruf=mailto:2j5o8o3r1j@ruf.powerdmarc.com; fo=0:1:d:s;"""
EVERETTWA.GOV,"   p=none; rua=mailto:rua@everettwa.gov; ruf=mailto:ruf@everettwa.gov; sp=none; fo=s; ri=86400"""
FAIRFAXCOUNTY.GOV,"     sp=none;     rua=mailto:fairfax@rua.agari.com; ruf=mailto:fairfax@ruf.agari.com"""
FAIRFIELDCT.GOV,"   p=none; rua=mailto:nprice@fairfieldct.org; ruf=mailto:tofitalerts@fairfieldct.org;  """
FAIRFIELDMT.GOV,"   p=none;"""
FAIRMONTNC.GOV,"   p=quarantine; sp=none; rf=afrf;    """
FAIRMONTWV.GOV,"   p=none; rua=mailto:dmarc@fairmontwv.gov; ruf=mailto:dmarc@fairmontwv.gov; fo=0:1:d:s;"""
FALLSCHURCHVA.GOV,"   p=none; rua=mailto:cfcsupport@fallschurchva.gov; ruf=mailto:cfcsupport@fallschurchva.gov; s  ri=84600;"""
FALMOUTHMA.GOV,   p=none; rua=mailto:dmarc_agg@vali.email
FARGOND.GOV,"   p=none; rua=mailto:manderson@fargond.gov; ruf=mailto:manderson@fargond.gov; sp=none; ri=86400"""
FARMERSBRANCHTX.GOV,"  "" ""p=none;"" ""rua=mailto:dmarc_agg@vali.email"""
FARMINGTON-MO.GOV,"   p=none; sp=none; rf=afrf;   ri=86400"""
FATETX.GOV,"   p=none; rua=mailto:dmarc@cityoffate.com; ruf=mailto:dmarc@cityoffate.com; s """
FAYETTECOUNTYGA.GOV,"   p=none; rua=mailto:dmarc-rua@fayettecountyga.gov; ruf=mailto:dmarc-ruf@fayettecountyga.gov; sp=none;    """
FCPOTAWATOMI-NSN.GOV,"   p=none; rua=mailto:email.admins@fcpotawatomi-nsn.gov; ruf=mailto:email.admins@fcpotawatomi-nsn.gov; fo=1"""
FERC.GOV,       sp=none; fo=0;   rua=mailto:dmarc-collection@ferc.gov
FJC.GOV,"   p=none; rua=mailto:FJC_dmarc@fjc.gov"""
FLAGLERCOUNTY.GOV,"   p=none;   rua=mailto:dmarc@flaglercounty.gov; ruf=mailto:dmarc@flaglercounty.gov; fo=1"""
FLBOARDOFMEDICINE.GOV,"     sp=none;"""
FLDJJ.GOV,"   p=none; pct=10; rua=mailto:dmarc@fldjj.gov"""
FLHEALTH.GOV,"   p=none; rua=mailto:azrpyjlk@ag.dmarcian.com;"""
FLHEALTHSOURCE.GOV,"   p=none; sp=none; rua=mailto:dmarc@mailinblue.com!10m; ruf=mailto:dmarc@mailinblue.com!10m; rf=afrf;   ri=86400"""
FLORIDASACUPUNCTURE.GOV,"     sp=none;"""
FLORIDASATHLETICTRAINING.GOV,"     sp=none;"""
FLORIDASCHIROPRACTICMEDICINE.GOV,"     sp=none;"""
FLORIDASCLINICALLABS.GOV,"     sp=none;"""
FLORIDASDENTISTRY.GOV,"     sp=none;"""
FLORIDASHEARINGAIDSPECIALISTS.GOV,"     sp=none;"""
FLORIDASMASSAGETHERAPY.GOV,"     sp=none;"""
FLORIDASMENTALHEALTHPROFESSIONS.GOV,"     sp=none;"""
FLORIDASNURSING.GOV,"     sp=none;"""
FLORIDASNURSINGHOMEADMIN.GOV,"     sp=none"""
FLORIDASOCCUPATIONALTHERAPY.GOV,"     sp=none;"""
FLORIDASOPTICIANRY.GOV,"     sp=none;"""
FLORIDASOPTOMETRY.GOV,"     sp=none;"""
FLORIDASORTHOTISTSPROSTHETISTS.GOV,"     sp=none;"""
FLORIDASOSTEOPATHICMEDICINE.GOV,"     sp=none;"""
FLORIDASPHARMACY.GOV,"     sp=none;"""
FLORIDASPHYSICALTHERAPY.GOV,"     sp=none;"""
FLORIDASPODIATRICMEDICINE.GOV,"     sp=none;"""
FLORIDASPSYCHOLOGY.GOV,"     sp=none;"""
FLORIDASRESPIRATORYCARE.GOV,"     sp=none;"""
FLORIDASSPEECHAUDIOLOGY.GOV,"     sp=none;"""
FLRA.GOV,     sp=none; rua=mailto:helpdesk@flra.gov
FNSB.GOV,"   p=none; rua=mailto:jwaeoy1s@ag.dmarcian.com; ruf=mailto:jwaeoy1s@fr.dmarcian.com;"""
FORSYTHCOUNTYNC.GOV,"   pct=80; rua=mailto:gary@forsyth.cc; p=none; adkim=r; aspf=r"""
FORTBENDCOUNTYTX.GOV,"   p=none;   rua=mailto:DMARCReports@fortbendcountytx.gov; ruf=mailto:DMARCReports@fortbendcountytx.gov; fo=1"""
FORTLAUDERDALE.GOV,"   p=none; rua=mailto:spamadmin@fortlauderdale.gov; ruf=mailto:spamadmin@fortlauderdale.gov;   aspf=r; asfp=r;  """
FORTMYERSBEACHFL.GOV,"   p=none; ruf=mailto:DMARC@fortmyersbeachfl.gov;"""
FORTSMITHAR.GOV,"   p=quarantine; rua=mailto:dmarcrecords@fortsmithar.gov; ruf=mailto:dmarcrecords@fortsmithar.gov; sp=none; ri=86400"""
FORTWORTHTEXAS.GOV,"   p=none; rua=mailto:RUA_Dmarc@fortworthtexas.gov; ruf=mailto:RUF_Dmarc@fortworthtexas.gov; fo=1"""
FOUNTAINHILLSAZ.GOV,"   p=none;   rua=mailto:rua+fountainhillsaz.gov@dmarc.barracudanetworks.com; ruf=mailto:ruf+fountainhillsaz.gov@dmarc.barracudanetworks.com"""
FRAMES.GOV,"  p=none;rua=mailto:admin@frames.gov"""
FRANKFORT-IN.GOV,"   p=none; rua=mailto:0ac9fc7a@mxtoolbox.dmarc-report.com; ruf=mailto:0ac9fc7a@forensics.dmarc-report.com; fo=1"""
FRANKLINCOUNTYIL.GOV,"   p=none; rua=mailto:ryan.buckingham@franklincountyil.gov; pct=10;"""
FRANKLINMO.GOV,"   p=none; rua=mailto:84458aa878f7.a@dmarcinput.com; ruf=mailto:84458aa878f7.f@dmarcinput.com; sp=none; fo=1"""
FRANKLINNJ.GOV,"   p=none; rua=mailto:techs@franklinnj.gov; ruf=mailto:techs@franklinnj.gov;  """
FREDERICKCOUNTYMD.GOV,  p=none; rua=mailto:dmarc_rua@emaildefense.proofpoint.com
FREDERICKSBURGVA.GOV,"  p=none;rua=mailto:soc@fredericksburgva.gov;ruf=mailto:soc@fredericksburgva.gov;fo=1"""
FREMONT.GOV,"   p=none; sp=none; rua=mailto:32amyyyeu0@rua.powerdmarc.com; ruf=mailto:32amyyyeu0@ruf.powerdmarc.com;  """
FREMONTNE.GOV,"  p=none; rua=mailto:postmaster@fremontne.gov"""
FRESNO.GOV,"   p=quarantine; sp=none; adkim=r; aspf=r;   rua=mailto:cof.adra@fresno.gov; ruf=mailto:cof.fdra@fresno.gov; rf=afrf; ri=86400"""
FRIENDSHIPHEIGHTSMD.GOV,"   p=none; rua=mailto:dmarc-jgoldstein@friendshipheightsmd.gov"""
FULTONCOUNTYGA.GOV,"   p=none; rua=mailto:dmarc_rua@emaildefense.proofpoint.com; ruf=mailto:dmarc_ruf@emaildefense.proofpoint.com;fo=1"""
FULTONCOUNTYNY.GOV,"   p=quarantine; rua=mailto:ITDirector@fultoncountyny.gov; ruf=mailto:ITDirector@fultoncountyny.gov; sp=none; ri=86400"""
FVAP.GOV,"  p=quarantine;sp=none;rua=mailto:tech@fvap.gov"""
GAHANNA.GOV,"   p=none;"""
GAINESVILLEFL.GOV,"   p=none"""
GAITHERSBURGMD.GOV,"   p=none; rua=mailto:jc2avvgg@ag.dmarcian.com; ruf=mailto:jc2avvgg@fr.dmarcian.com;  """
GALVESTONCOUNTYTX.GOV,"   p=none;     rua=mailto:galveston-county@rua.dmp.cisco.com; ruf=mailto:galveston-county@ruf.dmp.cisco.com"""
GALVESTONTX.GOV,"   p=none"""
GARLANDTX.GOV,"  p=none; rua=mailto:postmaster@garlandtx.gov"""
GASTONIANC.GOV, null
GENEVAOHIO.GOV,"  p=none;s adkim=s;aspf=r;rua=mailto:cdowd@genevaohio.gov;ruf=mailto:cdowd@genevaohio.gov;fo=1"""
GEORGETOWNOHIO.GOV,"   p=none;   rua=mailto:art.owens@georgetownohio.gov"""
GERMANTOWN-TN.GOV,"   p=quarantine; rua=mailto:demarc-report@germantown-tn.gov; pct=1;"""
GERMANTOWNPOLICEWI.GOV,"   p=none; rua=mailto:dmarcreports@germantownpolicewi.gov; fo=1"""
GERMANTOWNWI.GOV,"   p=none; rua=mailto:dmarcreports@germantownwi.gov; fo=1"""
GILBERTAZ.GOV,"   p=none; rua=mailto:dmarc@gilbertaz.gov; ruf=mailto:dmarc@gilbertaz.gov; rf=afrf; sp=none;   adkim=r; aspf=r"""
GILLETTEWY.GOV,"   p=none; rua=mailto:networkadmin@gillettewy.gov; ruf=mailto:networkadmin@gillettewy.gov"""
GLASTONBURY-CT.GOV,"   p=none; rua=mailto:dmarc-feedback@glastonbury-ct.gov"""
GLASTONBURYCT.GOV,"   p=none; rua=mailto:dmarc-feedback@glastonburyct.gov"""
GLENDALEAZ.GOV,   p=none;     rua=mailto:glendaleaz@rua.dmp.cisco.com
GLENDALECA.GOV,"   p=none; rua=mailto:e56cef881f5c893@rep.dmarcanalyzer.com; ruf=mailto:e56cef881f5c893@for.dmarcanalyzer.com;  """
GLNPO.GOV,"  p=none; rua=mailto:DMARC_RUA_glnpo.gov@epa.gov;ruf=mailto:DMARC_RUF_glnpo.gov@epa.gov;rua=mailto:reports@dmarc.cyber.dhs.gov;fo=1"""
GLYNNCOUNTY-GA.GOV,"   p=none; sp=none; rua=mailto:dmarcrpt@glynncounty-ga.gov!10m; ruf=mailto:dmarcrpt@glynncounty-ga.gov!10m; rf=afrf;   ri=86400"""
GOFFSTOWNNH.GOV,"   p=none;   rua=mailto:rua+goffstownnh.gov@dmarc.barracudanetworks.com; ruf=mailto:ruf+goffstownnh.gov@dmarc.barracudanetworks.com"""
GRADYCOUNTYGA.GOV,"   p=quarantine; rua=mailto:dc589f4aa847535@rep.dmarcanalyzer.com; ruf=mailto:dc589f4aa847535@for.dmarcanalyzer.com; pct=25;  """
GRAFTON-MA.GOV,"   p=none; rua=mailto:coghlin-support@grafton-ma.gov"""
GRANDRAPIDSMN.GOV,"   p=none; rua=mailto:zex8njma@ag.us.dmarcian.com; ruf=mailto:zex8njma@fr.us.dmarcian.com;"""
GRANDVIEWHEIGHTS.GOV,"   p=none;   rua=mailto:rua+grandviewheights.gov@dmarc.barracudanetworks.com; ruf=mailto:ruf+grandviewheights.gov@dmarc.barracudanetworks.com"""
GRANTCOUNTY-OR.GOV,"   p=none; rua=mailto:administrator@grantesd.k12.or.us;"""
GRANTCOUNTYWA.GOV,   p=none; rua=mailto:25809a82@mxtoolbox.dmarc-report.com
GREENACRESFL.GOV,   p=quarantine; pct=20; rua=mailto:575d46a0@mxtoolbox.dmarc-report.com
GREENFIELDLAXWI.GOV,"   p=none; rua=mailto:dmarc@greenfieldlaxwi.gov; ruf=mailto:dmarc@greenfieldlaxwi.gov; fo=1"""
GREENLAKECOUNTYWI.GOV,"   p=none; ruf=mailto:support@greenlakecountywi.gov"""
GROTON-CT.GOV,"   p=quarantine; rua=mailto:it_helpdesk@groton-ct.gov; sp=none;"""
GTCOUNTYMI.GOV,"     pct=1; rua=mailto:tk2bbrrm@ag.dmarcian.com; ruf=mailto:tk2bbrrm@fr.dmarcian.com;"""
GUILFORDCOUNTYNC.GOV,"   p=none;   rua=mailto:rua+guilfordcountync.gov@dmarc.barracudanetworks.com; ruf=mailto:ruf+guilfordcountync.gov@dmarc.barracudanetworks.com"""
GUILFORDVT.GOV,   p=none; rua=mailto:help@guilfordvt.gov
HAHIRAGA.GOV, null
HAMILTONPDNJ.GOV,"   p=none; rua=mailto:ef9b70ea@mxtoolbox.dmarc-report.com; ruf=mailto:ef9b70ea@forensics.dmarc-report.com; fo=1"""
HAMPTONROADS.GOV,"   p=none"""
HANSON-MA.GOV,"   p=none; rua=mailto:administrator@hanson-ma.gov"""
HARLINGENTX.GOV,"   p=none; rua=mailto:dmarc@ugtgddqr.uriports.com; ruf=mailto:dmarc@ugtgddqr.uriports.com; fo=1:s; aspf=r"""
HARRISCOUNTYGA.GOV,"   p=none; rua=mailto:24c7c336c627656@rep.dmarcanalyzer.com; ruf=mailto:24c7c336c627656@for.dmarcanalyzer.com;  """
HARRISONBURGVA.GOV,"   p=none; rua=mailto:dmarc.info@harrisonburgva.gov"""
HARTSVILLESC.GOV,"   p=none;   rua=mailto:re+ut6jwixuzau@dmarc.postmarkapp.com; sp=none; aspf=r;"""
HAVREDEGRACEMD.GOV,"   p=none;   rua=mailto:re+maqvhst3ral@dmarc.postmarkapp.com; sp=none; aspf=r;"""
HAWAIICOUNTY.GOV,"     rua=mailto:systemssupport@hawaiicounty.gov; ruf=mailto:systemssupport@hawaiicounty.gov; sp=none; ri=84600"""
HAYSIVIRGINIA.GOV,"   p=none"""
HAYWARD-CA.GOV,"   p=none; rua=mailto:dmarc_agg@vali.email;"""
HCNH.GOV,"   p=none;   rua=mailto:dmarc@hcnh.gov; ruf=mailto:dmarc@hcnh.gov; fo=1"""
HCSHERIFF.GOV,"   p=none; rua=mailto:gdo@hcsheriff.gov; ruf=mailto:gdo@hcsheriff.gov; fo=1"""
HELENAMT.GOV,"  p=quarantine; rua=mailto:5d8d17be@mxtoolbox.dmarc-report.com;ruf=mailto:5d8d17be@forensics.dmarc-report.com;pct=50"""
HEMPSTEADTOWNNY.GOV, null
HENRYVILASZOO.GOV,"   p=none; rua=mailto:61tyxufw@ag.us.dmarcian.com;"""
HERMONMAINE.GOV,"   p=none; rua=mailto:administrator@hermonmaine.gov;  """
HERNANDOVOTES.GOV,"   p=quarantine; rua=mailto:DMARC_Reports@co.hernando.fl.us; ruf=mailto:DMARC_Reports@co.hernando.fl.us; sp=none;   ri=86400"""
HFSCTX.GOV,"   p=none; rua=mailto:evaldez@houstonforensicscience.org; ruf=mailto:evaldez@houstonforensicscience.org; s  ri=84600;"""
HIAWASSEEGA.GOV,"   p=none; rua=mailto:e11e8cc605c9.a@dmarcinput.com; ruf=mailto:e11e8cc605c9.f@dmarcinput.com; sp=none; fo=1"""
HIGHLANDIL.GOV,"   p=none"""
HIGHPOINTNC.GOV,"   p=none; rua=mailto:dmarcreports@highpointnc.gov; ruf=mailto:dmarcfailures@highpointnc.gov;"""
HILLSBOROUGHNC.GOV,"   p=none;   rua=mailto:019b46ea@mxtoolbox.dmarc-report.com; ruf=mailto:019b46ea@forensics.dmarc-report.com;"""
HILTONHEADISLANDSC.GOV,"   p=none;   rua=mailto:dmarc@hiltonheadislandsc.gov; ruf=mailto:dmarc@hiltonheadislandsc.gov; fo=1"""
HINSDALEMA.GOV,"   p=none; rua=mailto:dmarc@net-engineering.com; ruf=mailto:dmarc@net-engineering.com; fo=1"""
HOMEWOODIL.GOV,"   p=none"""
HOOVERALABAMA.GOV,"   p=none"""
HORRYCOUNTYSC.GOV,"   p=none; rua=mailto:dmarc-rua@horrycountysc.gov; ruf=mailto:dmarc-ruf@horrycountysc.gov;"""
HOUSE.GOV,  p=none; rua=mailto:DMARC-aggregate@mail.house.gov
HOUSECOMMUNICATIONS.GOV,  p=none; rua=mailto:DMARC-aggregate@mail.house.gov
HOUSTONCOUNTYAL.GOV,"   p=quarantine; rua=mailto:dmarc@houstoncountyal.gov; ruf=mailto:dmarc_forensic@houstoncountyal.gov;   pct=10"""
HOUSTONLAKE.GOV, null
HOUSTONTX.GOV,"  "" ""p=none;"" "" "" ""rua=mailto:dmarc_rua@emaildefense.proofpoint.com;"" ""ruf=mailto:dmarc_ruf@emaildefense.proofpoint.com"""
HOWARDCOUNTYNE.GOV,"   p=none; rua=mailto:dcramer@howardcountyne.gov;"""
HPULTRIBE-NSN.GOV,"   p=none;   rua=mailto:sysops@habemco.com"""
HUALAPAI-NSN.GOV,"  p=none; rua=mailto:postmaster@hualapai-nsn.gov"""
HUDSONNH.GOV,"  p=none;sp=none; adkim=r;aspf=r;rua=mailto:notifyit@hudsonnh.gov;ruf=mailto:notifyit@hudsonnh.gov; fo=0:1:d:s"""
HUDSONREGIONAL.GOV,"   p=none; rua=mailto:hrhc@hudsonregional.gov; ruf=mailto:hrhc@hudsonregional.gov; sp=none; ri=86400"""
HULMEVILLE-PA.GOV,"   p=none; rua=mailto; ruf=mailto:cb6087df@forensics.dmarc-report.com; fo=1"""
HUNTSVILLEAL.GOV,"   ruf=mailto:dmarc-rep@huntsvilleal.gov;rua=mailto:dmarc-rep@huntsvilleal.gov;p=none;sp=none;fo=1"""
HVLNC.GOV,"   p=none; rua=mailto:d5kyfz8y@ag.dmarcian.com; pct=1;"""
ID.GOV,   p=none; rua=mailto:fd387cd48d17625@rep.dmarcanalyzer.com
IDABEL-OK.GOV,"   p=none;   rua=mailto:re+dllqtwvxy8v@dmarc.postmarkapp.com; sp=none; aspf=r;"""
IDAHO.GOV,   p=none; rua=mailto:fd387cd48d17625@rep.dmarcanalyzer.com
IDAHOFALLS.GOV,"   p=none;   rua=mailto:rua+idahofalls.gov@dmarc.barracudanetworks.com; ruf=mailto:ruf+idahofalls.gov@dmarc.barracudanetworks.com"""
IDAHOFALLSIDAHO.GOV,"   p=none;   rua=mailto:rua+idahofallsidaho.gov@dmarc.barracudanetworks.com; ruf=mailto:ruf+idahofallsidaho.gov@dmarc.barracudanetworks.com"""
ILAG.GOV,"   p=none; rua=mailto:dmarcreports@ilag.gov"""
ILATTORNEYGENERAL.GOV,"   p=none; rua=mailto:dmarcreports@ilattorneygeneral.gov"""
ILLINOIS.GOV,  p=none;sp=none;rua=mailto:f6956c82@mxtoolbox.dmarc-report.com
ILSOS.GOV,   p=none; sp=none;     rua=mailto:ciscodsmsupport@rua.agari.com
INDIANLAKEPA.GOV,"   p=none"""
INDIANOLAIOWA.GOV,"   p=none; rua=mailto:indianolait@indianolaiowa.gov; ruf=mailto:indianolait@indianolaiowa.gov;  """
INDY.GOV,   p=none; sp=none; rua=mailto:dmarc@indy.gov
IOWA.GOV,   p=none; rua=mailto:b9763f5f@mxtoolbox.dmarc-report.com
IOWACOLONYTX.GOV,   p=quarantine; pct=5; rua=mailto:admin@cityofiowacolony.com
IOWAFRAUDFIGHTERS.GOV,"     rua=mailto:dmarc.reports@iowa.gov; rf=afrf;   sp=none"""
IOWAWORKFORCE.GOV, null
IPSWICHMA.GOV,   p=none; rua=mailto:dmarc_agg@valigov.email
IRONTONMO.GOV,"   p=none; sp=none;     rua=mailto:dmarc@irontonmo.gov; ruf=mailto:dmarc@irontonmo.gov"""
ISSAQUAHWA.GOV,   p=none; rua=mailto:5jba2uiv@ag.dmarcian.com
JACKSONCOUNTYTN.GOV,"   p=none; rua=mailto:jacksoncountytn@tech-realms.com"""
JACKSONRANCHERIA-NSN.GOV, null
JACKSONVILLENC.GOV,   p=none;   rua=mailto:7ec715d7@mxtoolbox.dmarc-report.com; ruf=mailto:7ec715d7@forensics.dmarc-report.com
JAMESMADISON.GOV,"   p=none; rua=mailto:reports@dmarc.cyber.dhs.gov"""
JCT.GOV,"   p=none; rua=mailto:dmarc@jct.gov"""
JEFFERSONCOUNTYAR.GOV,"   p=none;  """
JESUPGA.GOV,"   p=none; rua=mailto:dmarc@jesupga.gov; ruf=mailto:dmarc@jesupga.gov;"""
JISNASHVILLE.GOV,"   p=none; rua=mailto:dmarcaggregate@nashville.gov;"""
JOBS4TN.GOV,"   p=none;   rua=mailto:dmarc_rua@emaildefense.proofpoint.com; ruf=mailto:dmarc_ruf@emaildefense.proofpoint.com"""
JODAVIESSCOUNTYIL.GOV,"  p=none;rua=mailto:ITSupport@jodaviesscountyil.gov"""
JONESTOWNTX.GOV, null
KANNAPOLISNC.GOV,"   p=none;   rua=mailto:06c11568@mxtoolbox.dmarc-report.com; ruf=mailto:06c11568@forensics.dmarc-report.com;"""
KAUAI.GOV,   p=none;   rua=mailto:dsherman@kauai.gov
KBIC-NSN.GOV,"   p=none; rua=mailto:postmaster@kbic-nsn.gov; ruf=mailto:postmaster@kbic-nsn.gov; fo=1"""
KEARNEYCOUNTYNE.GOV,"   p=none; rua=mailto:ryanpvc@kearneycountyne.gov"""
KENMOREWA.GOV,"   p=none; rua=mailto:afb2bfab7a3a787@rep.dmarcanalyzer.com; ruf=mailto:afb2bfab7a3a787@for.dmarcanalyzer.com; sp=none;  """
KENTCOUNTYDE.GOV,"   p=none;   rua=mailto:networkadmins@co.kent.de.us;"""
KENTWA.GOV,"       rua=mailto:re+jgkpobu3xvn@dmarc.postmarkapp.com; ruf=mailto:mailforensics@kentwa.gov; sp=none; aspf=r;"""
KIELWI.GOV,"   p=none; adkim=r; aspf=r;     rf=afrf;   rua=mailto:dmarc@kielwi.gov"""
KILLEENTEXAS.GOV,"   p=none;"""
KINGCOUNTY.GOV,"   p=none;"""
KINGSPORTTN.GOV,"       rua=mailto:re+rsxv2r7pagd@dmarc.postmarkapp.com; sp=none; aspf=r;"""
KINSTONNC.GOV,"  p=none;sp=none; adkim=r;aspf=r;rua=mailto:hostmaster@kinstonnc.gov;ruf=mailto:hostmaster@kinstonnc.gov;fo=1"""
KISSIMMEE.GOV,"  p=none;sp=none; adkim=r;aspf=r;rua=mailto:postmaster@kissimmee.gov;ruf=mailto:postmaster@kissimmee.gov; fo=1"""
KNIGHTDALENC.GOV,"   p=none;   rua=mailto:re+cscxsktg7qp@dmarc.postmarkapp.com; sp=none; aspf=r;"""
KNOXCOUNTYTN.GOV,"     rua=mailto:1dc88111048f748@rep.dmarcanalyzer.com; ruf=mailto:1dc88111048f748@for.dmarcanalyzer.com; sp=none;  """
KPL.GOV,"   p=none; rua=mailto:kplwebdv@gmail.com"""
KS.GOV,"   p=none;   rua=mailto:rua@ks.gov; ruf=mailto:ruf@ks.gov; fo=1"""
KY.GOV,   p=none; rua=mailto:dmarc_rua@emaildefense.proofpoint.com
LA.GOV,   p=none; rua=mailto:dmarc_rua@emaildefense.proofpoint.com
LACONIANH.GOV,"   p=none; rua=mailto:alerts@laconianh.gov; ruf=mailto:alerts@laconianh.gov; sp=none; ri=86400"""
LACOUNTY.GOV,"   p=none; rua=mailto:0f0c339a@mxtoolbox.dmarc-report.com; ruf=mailto:0f0c339a@forensics.dmarc-report.com;"""
LAFAYETTELA.GOV,"  "" ""p=none;"""
LAGRANGENY.GOV,"   p=none; rua=mailto:ipm4c3o@ar.glockapps.com; ruf=mailto:ipm4c3o@fr.glockapps.com; adkim=r; aspf=r;  """
LAHABRACA.GOV,"   p=none;   rua=mailto:postmaster@lahabraca.gov"""
LAJOLLA-NSN.GOV,"   p=none; rua=mailto:jeggleton@imagesourceusa.com"""
LAKECOUNTYIL.GOV,"   p=none; rua=mailto:dmarc-do-not-reply@lakecountyil.gov; fo=1"""
LAKECOUNTYOHIO.GOV,"   p=none; rua=mailto:df8d36cbf83a526@rep.dmarcanalyzer.com; ruf=mailto:df8d36cbf83a526@for.dmarcanalyzer.com;  """
LANARKIL.GOV,"   p=none"""
LANCASTERNY.GOV,"   p=none; rua=mailto:dmarc_agg@vali.email;"""
LANECOUNTYOR.GOV,"   p=none"""
LASALLE-IL.GOV,"   p=none; rua=mailto:dmarc@cpointcc.com; ruf=mailto:dmarc@cpointcc.com; fo=1"""
LASVEGASNEVADA.GOV,"   p=none; rua=mailto:DMARC@LasVegasNevada.GOV; ruf=mailto:DMARC@LasVegasNevada.GOV;fo=1"""
LAVONTX.GOV,"   p=none; rua=mailto:dmarc@c2cnndyx.uriports.com; ruf=mailto:dmarc@c2cnndyx.uriports.com; fo=1:d:s"""
LAWTONOK.GOV,"   p=none;  """
LBL.GOV,  p=none;rua=mailto:dmarc-rua@lbl.gov
LEANDERTX.GOV,"   p=none;   rua=mailto:d7ae214f@mxtoolbox.dmarc-report.com; ruf=mailto:d7ae214f@forensics.dmarc-report.com;"""
LEESBURGVA.GOV,"   p=none; rua=mailto:iju3eciq@ag.dmarcian.com"""
LEGMT.GOV,"   p=none; rua=mailto:dmarc_agg@vali.email; ruf=mailto:olis-servicedesk@legmt.gov; fo=1"""
LEHI-UT.GOV,"   p=none; rua=mailto:tkelsey@lehi-ut.gov"""
LENOIR-NC.GOV,"   p=quarantine; rua=mailto:administrator@lenoir-nc.gov; ruf=mailto:administrator@lenoir-nc.gov;   pct=25"""
LENOIRCITYTN.GOV,"   p=none;   rua=mailto:rua@lenoircitytn.gov"""
LEONCOUNTYFL.GOV,   p=none; rua=mailto:56adb61a@mxtoolbox.dmarc-report.com
LEXINGTONMA.GOV,"  p=none;sp=none; adkim=r;aspf=r;rua=mailto:dmarc@lexingtonma.gov; fo=1"""
LEXINGTONOK.GOV,"   p=none"""
LHCAZ.GOV,"   p=none; rua=mailto:hostmaster@lhcaz.gov; ruf=mailto:hostmaster@lhcaz.gov; sp=none; ri=86400"""
LIBERTYMO.GOV,"  p=none;rua=mailto:3jf2qlfo@ag.dmarcian.com;ruf=mailto:3jf2qlfo@fr.dmarcian.com;fo=1"""
LINCOLNADAMSCOUNTYWI.GOV,"   p=none"""
LINCOLNCA.GOV,"   p=none;   rua=mailto:rua+lincolnca.gov@dmarc.barracudanetworks.com; ruf=mailto:ruf+lincolnca.gov@dmarc.barracudanetworks.com"""
LINNCOUNTY-IA.GOV,"   p=none; sp=none; aspf=s; rua=mailto:admin@linncounty-ia.gov!10m; ruf=mailto:admin@linncounty-ia.gov!10m; rf=afrf;   ri=86400"""
LINNCOUNTYIOWA.GOV,"   p=none; sp=none; aspf=r; rua=mailto:ITSecurity@linncountyiowa.gov; ruf=mailto:ITSecurity@linncountyiowa.gov;     fo=1:s"""
LIVERMORECA.GOV,"   p=none; rua=mailto:dmarc_agg@vali.email;"""
LOC.GOV,"  p=none;sp=none; rua=mailto:dmarc_rua@emaildefense.proofpoint.com;ruf=mailto:dmarc_ruf@emaildefense.proofpoint.com;rf=afrf; """
LODI.GOV,"   p=none; rua=mailto:b68416d3@mxtoolbox.dmarc-report.com; ruf=mailto:b68416d3@forensics.dmarc-report.com; fo=1"""
LOGANVILLE-GA.GOV,"   p=none; rua=mailto:28e21040@mxtoolbox.dmarc-report.com; ruf=mailto:28e21040@forensics.dmarc-report.com; fo=1"""
LONGBEACH.GOV,"   p=none; rua=mailto:23ecbf647b99.a@dmarcinput.com; ruf=mailto:23ecbf647b99.f@dmarcinput.com; sp=none; fo=1"""
LONGCOUNTYGA.GOV, null
LOSLUNASNM.GOV,"   p=none; rua=mailto:dmarc_agg@vali.email"""
LOUISACOUNTYIA.GOV,"   p=none;   ruf=mailto:dmarc@louisacountyia.gov; rua=mailto:dmarc@louisacountyia.gov; adkim=r; aspf=s"""
LOUISVILLEKY.GOV,"   p=none; rua=mailto:ede61037e81f737@rep.dmarcanalyzer.com; ruf=mailto:ede61037e81f737@for.dmarcanalyzer.com; fo=1"""
LOVETTSVILLEVA.GOV,"  p=none;sp=none; adkim=s;aspf=s;rua=mailto:dmarc_rua@lovettsvilleva.gov;ruf=mailto:dmarc_ruf@lovettsvilleva.gov;fo=1"""
LOWELLMA.GOV,"   p=none;   rua=mailto:rua+lowellma.gov@dmarc.barracudanetworks.com; ruf=mailto:ruf+lowellma.gov@dmarc.barracudanetworks.com"""
LUCASCOUNTYOHIOVOTES.GOV,"   p=quarantine; rua=mailto:mmswaile@lucascountyoh.gov;   sp=none"""
LUMMI-NSN.GOV,"       rua=mailto:6naqwraz@ag.dmarcian.com; ruf=mailto:authfail@lummi-nsn.gov; sp=none; ri=86400"""
LYNCHBURGVA.GOV,"   p=none; rua=mailto:yqd9xgwf@ag.us.dmarcian.com"""
LYNNWOODWA.GOV,"   p=none; rua=mailto:d2f3ba2ba405574@rep.dmarcanalyzer.com; ruf=mailto:d2f3ba2ba405574@for.dmarcanalyzer.com; sp=none;  """
MACOMBCOUNTYMI.GOV,"   p=quarantine; pct=20; ruf=mailto:dmarcreport@macombgov.org; fo=0"""
MADISONCOUNTYAL.GOV,"   p=none; rua=mailto:coneil@madisoncountyal.gov"""
MADISONCOUNTYIL.GOV,"   p=none; rua=mailto:emaildmarc@madisoncountyil.gov; ruf=mailto:emaildmarc@madisoncountyil.gov; fo=1"""
MADISONCOUNTYMT.GOV,   p=none; rua=mailto:support@madisoncountymt.gov
MADISONCOUNTYNC.GOV,"   p=none; rua=mailto:6xpe7bzd@ag.dmarcian.com;"""
MAHOMET-IL.GOV,"   p=quarantine; rua=mailto:reports@mtk-dyn.com; ruf=mailto:reports@mtk-dyn.com;   sp=none; rf=afrf;   ri=86400"""
MAHONINGCOUNTYOH.GOV,"   p=none;       rua=mailto:ag.dmarc@mahoningcountyoh.gov; ruf=mailto:fr.dmarc@mahoningcountyoh.gov;"""
MAINE.GOV,   p=none; sp=none;   ri=43200; rua=mailto:dmarc-notifications@maine.gov
MAIZEKS.GOV," "" v=DMARC1; p=none;   rua=mailto:re+ttoypneqit0@dmarc.postmarkapp.com; sp=none; aspf=r;"""
MAJORITYLEADER.GOV,"  "" ""p=none;"" "" "" ""rua=mailto:re+setoiqdeola@dmarc.postmarkapp.com"
MALVERNAR.GOV,"   p=quarantine; rua=mailto:dmarc@malvernar.gov; ruf=mailto:dmarc@malvernar.gov;   pct=10"""
MANASSASVA.GOV,"   p=none;  """
MANATEEPAO.GOV,"   p=none; rua=mailto:subgi7yj@ag.dmarcian.com; sp=none; ri=86400"""
MANCHESTER-VT.GOV,"   p=none; rua=mailto:dmarc@manchester-vt.gov"""
MANCHESTERCT.GOV,"   p=none; rua=mailto:andy@manchesterct.gov"""
MANCHESTERNH.GOV,"    p=none; rua=mailto:dmarcreports@manchesternh.gov; ruf=mailto:dmarcreports@manchesternh.gov"""
MANHATTANBEACH.GOV,"   p=none;   rua=mailto:dmarc_rua@emaildefense.proofpoint.com; ruf=mailto:dmarc_ruf@emaildefense.proofpoint.com"""
MANITOWOCCOUNTYWI.GOV,"   p=none; rua=mailto:dmarc_agg@vali.email;"""
MANKATOMN.GOV,"   p=none;   rua=mailto:b04a4a32@mxtoolbox.dmarc-report.com; ruf=mailto:b04a4a32@forensics.dmarc-report.com;"""
MANSFIELD-TX.GOV,"   p=none;   rua=mailto:re+vh2cglyqamr@dmarc.postmarkapp.com; sp=none; aspf=r;"""
MANSFIELDTEXAS.GOV,"   p=none;   rua=mailto:re+ipnm9rjvxh3@dmarc.postmarkapp.com; sp=none; aspf=r;"""
MARANAAZ.GOV,"   p=none; rua=mailto:tmdns@maranaaz.gov; ruf=mailto:tmdns@maranaaz.gov; fo=1"""
MARATHONCOUNTY.GOV,"   p=none; rua=mailto:dmarc_agg@vali.email;"""
MARICOPA.GOV,"   p=none; rua=mailto:172f1e85c9dc144@rep.dmarcanalyzer.com; ruf=mailto:172f1e85c9dc144@for.dmarcanalyzer.com;  """
MARIESCOUNTYMO.GOV,"   p=none;   rua=mailto:1629e4ff@mxtoolbox.dmarc-report.com; ruf=mailto:1629e4ff@forensics.dmarc-report.com;"""
MARIETTAGA.GOV,"   p=none; rua=mailto:dmarc_reporting@mariettaga.gov; ruf=mailto:dmarc_reporting@mariettaga.gov;"""
MARINETTECOUNTYWI.GOV,"   p=quarantine; rua=mailto:dmarc@marinettecountywi.gov; sp=none; ri=86400"""
MARIONCOUNTYOHIO.GOV,"   p=none;   rua=mailto:e7d38250@mxtoolbox.dmarc-report.com; ruf=mailto:e7d38250@forensics.dmarc-report.com;"""
MARIONMA.GOV,"  p=none;rua=mailto:techsupportcatchall@marionma.gov"""
MARLBORO-NJ.GOV,"   p=none; rua=mailto:demarcreports@marlboro-nj.gov; ruf=mailto:demarcreports@marlboro-nj.gov; fo=1"""
MARLBOROUGH-MA.GOV,"  p=none;fo=1"""
MARSHALLCOUNTYILLINOIS.GOV,   p=none;   rua=mailto:rua+marshallcountyillinois.gov@dmarc.barracudanetworks.com
MARVINNC.GOV,"   p=none"""
MARYLAND.GOV,"   p=none; rua=mailto:dmarc.doit@maryland.gov; ruf=mailto:dmarc.doit@maryland.gov; sp=none; fo=1"""
MASONCOUNTYWA.GOV,"   p=none;"""
MASS.GOV,"   p=none; sp=none;   rua=mailto:dmarc_rua@emaildefense.proofpoint.com; ruf=mailto:dmarc_ruf@emaildefense.proofpoint.com"""
MASSILLONOHIO.GOV,"   p=none;   rua=mailto:re+khdb4wzf6fs@dmarc.postmarkapp.com; sp=none; aspf=r;"""
MBTAADVISORYBOARD.GOV,"  p=none;rua=mailto:administrator@mbtaadvisoryboard.gov;ruf=mailto:administrator@mbtaadvisoryboard.gov;fo=1"""
MCHENRYCOUNTYIL.GOV,   p=none; rua=mailto:iflqrrw2@ag.dmarcian.com
MCLEANCOUNTYIL.GOV,"   p=none; rua=mailto:dmarc_rua@mcleancountyil.gov; ruf=mailto:dmarc_ruf@mcleancountyil.gov;   adkim=r; aspf=r; rf=afrf"""
MCLEODCOUNTYMN.GOV,"     rua=mailto:nlmd825y@ag.dmarcian.com; ruf=mailto:nlmd825y@fr.dmarcian.com;   adkim=s; aspf=s; sp=none;"""
MCMINNVILLEOREGON.GOV,"  p=none;sp=none;adkim=r;aspf=r;  rf=afrf; rua=mailto:admin@mcminnvilleoregon.gov;ruf=mailto:admin@mcminnvilleoregon.gov"""
MD.GOV,"   p=none; rua=mailto:dmarc.doit@maryland.gov; ruf=mailto:dmarc.doit@maryland.gov; sp=none; fo=1"""
MDCOURTS.GOV,"   p=quarantine; pct=30; rua=mailto:dmarc.reports@mdcourts.gov; ruf=mailto:dmarc.reports@mdcourts.gov"""
MECHANICVILLENY.GOV,"   p=none; rua=mailto:postmaster@mechanicvilleny.gov; ruf=mailto:postmaster@mechanicvilleny.gov;"""
MECHOOPDA-NSN.GOV,"   p=quarantine;pct=10"""
MEDFORD-MA.GOV,   p=none;   rua=mailto:dmarc_agg@vali.email
MEDICARE.GOV,     sp=none;     rua=mailto:8idhoybh@ag.us.dmarcian.com
MENDONVT.GOV,"   p=none"""
MERCERCOUNTYSHERIFFOHIO.GOV,"   p=none; rua=mailto:support@mercercountysheriffohio.gov"""
MERCERISLAND.GOV,"   p=none; rua=mailto:dmarc_agg@vali.email"""
MERIDENCT.GOV,"     rua=mailto:re+et4lw5w3ajk@dmarc.postmarkapp.com; ruf=mailto:postmaster@meridenct.gov;   adkim=r; aspf=r;   rf=afrf;   sp=none"""
MERRIMACKNH.GOV,"   p=none;   rua=mailto:de9ac254@mxtoolbox.dmarc-report.com; ruf=mailto:de9ac254@forensics.dmarc-report.com;"""
METHUEN.GOV,"   p=none;   rua=mailto:rua+methuen.gov@dmarc.barracudanetworks.com; ruf=mailto:ruf+methuen.gov@dmarc.barracudanetworks.com"""
MI.GOV,   p=none; rua=mailto:dmarc_agg@valigov.email
MIAMIBEACHFL.GOV,"   p=none; pct=90; sp=none"""
MIAMICOUNTYIN.GOV,"   p=none; rua=mailto:postmaster@miamicountyin.gov; ruf=mailto:postmaster@miamicountyin.gov; fo=1"""
MIAMIGARDENS-FL.GOV,"   p=none; rua=mailto:dmarc@miamigardens-fl.gov; ruf=mailto:dmarc@miamigardens-fl.gov;   adkim=r; aspf=r"""
MICH.GOV,   p=none; rua=mailto:dmarc_agg@valigov.email
MICHIGAN.GOV,   p=none; rua=mailto:dmarc_agg@valigov.email
MIDDLETOWNCT.GOV,"     rua=mailto:dmarcreports@middletownct.gov; ruf=mailto:dmarcreports@middletownct.gov; sp=none; ri=86400"""
MIDLANDTEXAS.GOV,"   p=none; rua=mailto:08c15a89bc46679@rep.dmarcanalyzer.com; ruf=mailto:08c15a89bc46679@for.dmarcanalyzer.com;  """
MILAN-NY.GOV,"   p=none; rua=mailto:ipm4c3o@ar.glockapps.com; ruf=mailto:ipm4c3o@fr.glockapps.com; adkim=r; aspf=r;  """
MILLCREEKWA.GOV,"   p=none; rua=mailto:dmarc_agg@vali.email;"""
MILLSTONENJ.GOV,"   p=none"""
MILLVILLENJ.GOV,"   p=none; rua=mailto:null@millvillenj.gov"""
MILTONGA.GOV,"   p=none;   rua=mailto:rua+miltonga.gov@dmarc.barracudanetworks.com; ruf=mailto:ruf+miltonga.gov@dmarc.barracudanetworks.com"""
MILTONTWPMI.GOV, null
MILWAUKEE.GOV,"  p=none;rua=mailto:dmarcreport@milwaukee.gov;ruf=mailto:dmarcreport@milwaukee.gov"""
MILWAUKEECOUNTYWI.GOV,"  p=none; rua=mailto:4genmurc@ag.dmarcian.com;ruf=mailto:4genmurc@fr.dmarcian.com"""
MINEOLA-NY.GOV,"   p=none;  """
MINNEAPOLISMN.GOV,"   p=none; sp=none; adkim=r;     rua=mailto:dmarc_rua@emaildefense.proofpoint.com; ruf=mailto:dmarc_ruf@emaildefense.proofpoint.com"""
MINNESOTA.GOV,"     sp=none;     rua=mailto:minnesotagov@rua.agari.com; ruf=mailto:minnesotagov@ruf.agari.com"""
MISSOURICITYTX.GOV,"   p=none; rua=mailto:dmarc_rua@emaildefense.proofpoint.com; ruf=mailto:dmarc_ruf@emaildefense.proofpoint.com;fo=1"""
MN.GOV,"     sp=none;     rua=mailto:minnesotagov@rua.agari.com; ruf=mailto:minnesotagov@ruf.agari.com"""
MNCCC.GOV,"   p=none;   rua=mailto:re+uilndu5vhqj@dmarc.postmarkapp.com; sp=none; aspf=r;"""
MO.GOV,"   p=none; sp=reject"""
MOCKSVILLENC.GOV,"   p=none;rua=mailto:postmaster@daviecountync.gov"""
MONROECOUNTY-FL.GOV,"   p=none; rua=mailto:DMARC@monroecounty-fl.gov; ruf=mailto:DMARC@monroecounty-fl.gov;   adkim=s; aspf=s;"""
MONROECOUNTY.GOV,"   p=none; rua=mailto:obsjxlhf@ag.dmarcian.com; ruf=mailto:obsjxlhf@fr.dmarcian.com; fo=1"""
MONROECOUNTYIL.GOV,"   p=none;   rua=mailto:rua+monroecountyil.gov@dmarc.barracudanetworks.com; ruf=mailto:ruf+monroecountyil.gov@dmarc.barracudanetworks.com"""
MONROEGA.GOV,"   p=none; rua=mailto:no-reply@monroega.gov;"""
MONTGOMERYCOUNTYMD.GOV,"   p=none;   rua=mailto:rufa@montgomerycountymd.gov; ruf=mailto:ruf@montgomerycountymd.gov;  """
MONTGOMERYCOUNTYNC.GOV,"   p=none;   rua=mailto:dmarc@montgomerycountync.gov; ruf=mailto:dmarc@montgomerycountync.gov; fo=1"""
MONTGOMERYCOUNTYVA.GOV,"   p=none; rua=mailto:dmarc_rua@emaildefense.proofpoint.com; ruf=mailto:dmarc_ruf@emaildefense.proofpoint.com;fo=1"""
MONTGOMERYWV.GOV,"   p=none; rua=mailto:IT@MontgomeryWV.gov;"""
MONTICELLOKY.GOV, null
MOORECOUNTYNC.GOV,"   p=none;   rua=mailto:rua+moorecountync.gov@dmarc.barracudanetworks.com; ruf=mailto:ruf+moorecountync.gov@dmarc.barracudanetworks.com"""
MORONGO-NSN.GOV,"   p=none"""
MOUNTVERNONIN.GOV, null
MOUNTVERNONWA.GOV,"   p=none; rua=mailto:d096e42198de262@rep.dmarcanalyzer.com; ruf=mailto:d096e42198de262@for.dmarcanalyzer.com; sp=none;  """
MOUNTWASHINGTON-MA.GOV,"   p=none; rua=mailto:dmarc@thecyberhood.com; ruf=mailto:dmarc@thecyberhood.com;   adkim=r; aspf=r"""
MOVAL.GOV,   p=none; rua=mailto:q2wmotvmk7@rua.powerdmarc.com
MPTN-NSN.GOV,"   p=none; rua=mailto:222656100ae1731@rep.dmarcanalyzer.com; ruf=mailto:222656100ae1731@for.dmarcanalyzer.com;  """
MUNDELEIN-IL.GOV,"   p=none;   rua=mailto:rua+mundelein-il.gov@dmarc.barracudanetworks.com; ruf=mailto:ruf+mundelein-il.gov@dmarc.barracudanetworks.com"""
MURRAYCOUNTYMN.GOV, null
MUSKEGON-MI.GOV,"   p=quarantine; sp=none; ruf=mailto:admin@muskegon-mi.gov; rua=mailto:admin@muskegon-mi.gov; rf=afrf;   ri=86400"""
MUTTONTOWNNY.GOV,"   p=none; rua=mailto:ae280e61991a710@rep.dmarcanalyzer.com; ruf=mailto:ae280e61991a710@for.dmarcanalyzer.com; fo=1"""
MWTRIBE-NSN.GOV,"   p=none; rua=mailto:avimco@mwtribe-nsn.gov"""
MYTN.GOV,"   p=none"""
NANSEMOND.GOV,"   p=none; sp=none; rua=mailto:dmarc@mailinblue.com!10m; ruf=mailto:dmarc@mailinblue.com!10m; rf=afrf;   ri=86400"""
NANTUCKET-MA.GOV,"   p=none; rua=mailto:dmarc@nantucket-ma.gov; ruf=mailto:dmarc@nantucket-ma.gov; sp=none;  """
NASHCOUNTYNC.GOV,"   p=none; rua=mailto:5d3b4e300ea35@ag.dmarcly.com; ruf=mailto:5d3b4e300ea35@fo.dmarcly.com; sp=none; fo=0:1;"""
NASHVILLE.GOV,"   p=none; rua=mailto:dmarcaggregate@nashville.gov;"""
NASHVILLESHERIFF.GOV,"   p=none; rua=mailto:dmarcaggregate@nashville.gov;"""
NATCHITOCHESLA.GOV,"   p=none; rua=mailto:sstinger@natchitochesla.gov"""
NAVAJO-NSN.GOV,"  p=none;sp=none; adkim=r;aspf=r;rua=mailto:DMARC.Reports@navajo-nsn.gov;ruf=mailto:DMARC.Reports@navajo-nsn.gov;fo=1"""
NAVAJOCOUNTYAZ.GOV,"   p=none; ruf=mailto:support@navajocountyaz.gov"""
NBRC.GOV,   p=none;     rua=mailto:dmarcreports@gsa.gov
NCDOJ.GOV,"   p=none; rua=mailto:dmarc_agg@vali.email;"""
NCLEG.GOV,"   p=none;   rua=mailto:abuse@ncleg.gov; ruf=mailto:abuse@ncleg.gov"""
NCSWBOARD.GOV,"  p=none; aspf=r;adkim=r;"""
NCUA.GOV,   p=none;     rua=mailto:ncua@rua.agari.com
ND.GOV,"  p=none; rua=mailto:postmaster@nd.gov"""
NDLEGIS.GOV,"   p=none; rua=mailto:security@ndlegis.gov; ruf=mailto:security@ndlegis.gov; fo=1"""
NEBRASKA.GOV,   p=none; rua=mailto:dmarc_agg@vali.email
NEBRASKARESEARCH.GOV,"   sp=none; rua=mailto:mm6p2jkr@ag.dmarcian.com;ruf=mailto:mm6p2jkr@fr.dmarcian.com"""
NEPA.GOV, null
NERSC.GOV,  p=none;rua=mailto:nersc-dmarc-rua@lbl.gov
NETWORKMARYLAND.GOV,"   p=none; rua=mailto:dmarc.doit@maryland.gov; ruf=mailto:dmarc.doit@maryland.gov; sp=none; fo=1"""
NEVADACOUNTYCA.GOV,"   p=none; rua=mailto:dmarc.reports@co.nevada.ca.us; ruf=mailto:dmarc.reports@co.nevada.ca.us;   sp=none; ri=86400"""
NEVADATREASURER.GOV,"   p=none;   rua=mailto:rua+nevadatreasurer.gov@dmarc.barracudanetworks.com; ruf=mailto:ruf+nevadatreasurer.gov@dmarc.barracudanetworks.com"""
NEWBEDFORD-MA.GOV,"   p=none;   rua=mailto:dmarc@newbedford-ma.gov; ruf=mailto:dmarc@newbedford-ma.gov; fo=1"""
NEWBERGOREGON.GOV,"   p=none; rua=mailto:dmarc@newbergoregon.gov; ruf=mailto:dmarc@newbergoregon.gov; fo=1"""
NEWBERLINWI.GOV,"   p=none; rua=mailto:ITWebSecurity@newberlin.org; ruf=mailto:ITWebSecurity@newberlin.org; fo=0; adkim=r; aspf=r;   rf=afrf;   sp=none"""
NEWBERRYFL.GOV,"   p=none"""
NEWCASTLEWA.GOV,"   p=none; rua=mailto:czkoffds@ag.dmarcian.com; ruf=mailto:czkoffds@fr.dmarcian.com;"""
NEWGLARUSVILLAGEWI.GOV,"   p=none; rua=mailto:dmarc@sw1cn24j.uriports.com; ruf=mailto:dmarc@sw1cn24j.uriports.com; fo=1:d:s"""
NEWHAVENCT.GOV,"   p=none; rua=mailto:dmarcreports@newhavenct.gov;"""
NEWINGTONCT.GOV,"  "" ""p=none;"" ""rua=mailto:dmarc_agg@vali.email;"""
NEWLEXINGTONOHIO.GOV,"   p=none; rua=mailto:RUA@newlexingtonohio.gov;  """
NEWMARLBOROUGHMA.GOV,"   p=none; rua=mailto:dmarc@net-engineering.com; ruf=mailto:dmarc@net-engineering.com; fo=1"""
NEWNANGA.GOV,"   p=none; rua=mailto:postmaster@newnanga.gov; ruf=mailto:postmaster@newnanga.gov"""
NEWRUSSIATOWNSHIP-OH.GOV,"   p=quarantine; pct=40; rua=mailto:mike@emergeinc.com"""
NEWTOWNPA.GOV, null
NH.GOV,"   p=none; ruf=mailto:DMARC_RUF@nh.gov; rua=mailto:DMARC_RUA@nh.gov;   sp=none; aspf=r; rf=afrf; adkim=r;    """
NHBP-NSN.GOV,"   p=none; rua=mailto:dmarcRUA@nhbpi.com; ruf=mailto:dmarcRUF@nhbpi.com; fo=1"""
NIAGARAFALLSNY.GOV,"   p=quarantine; pct=90; sp=none"""
NIGC.GOV,"   p=none; ruf=mailto:dmarcreports@nigc.gov; rua=mailto:dmarcreports@nigc.gov"""
NISQUALLY-NSN.GOV,"   p=none;"""
NITRD.GOV,"   p=none"""
NJCOURTS.GOV,"   p=none;   rua=mailto:postmaster.mailbox@njcourts.gov; ruf=mailto:postmaster.mailbox@njcourts.gov; fo=1"""
NJSDA.GOV,"   p=none"""
NMLEGIS.GOV,"   p=none;   rua=mailto:dmarc_rua@emaildefense.proofpoint.com;ruf=mailto:dmarc_ruf@emaildefense.proofpoint.com"""
NOLA.GOV,"   p=none; rua=mailto:dmarc_admin@nola.gov; ruf=mailto:dmarc_admin@nola.gov; fo=1"""
NOOKSACK-NSN.GOV,"   p=none; rua=mailto:postmaster@nooksack-nsn.gov; ruf=mailto:postmaster@nooksack-nsn.gov.gov;  """
NORMANOK.GOV,"   sp=none;adkim=r;aspf=r;  rf=afrf; rua=mailto:Normanokgov@rua.agari.com;ruf=mailto:Normanokgov@ruf.agari.com"""
NORTHHEMPSTEADNY.GOV,"   p=none; sp=none;    rua=mailto:dmarc_rua@emaildefense.proofpoint.com; ruf=mailto:dmarc_ruf@emaildefense.proofpoint.com"""
NORTHHUDSONWI.GOV, null
NORTHREADINGMA.GOV,"   p=none; sp=none; rua=mailto:technology@northreadingma.gov; ruf=mailto:technology@northreadingma.gov; rf=afrf;   ri=86400"""
NORWOODMA.GOV,   p=none;  rua=mailto:dmarc@norwoodma.gov
NORWOODMA150.GOV,   p=none; rua=mailto:dmarc@norwoodma150.gov
NV.GOV,"   p=none;   rua=mailto:rua+nv.gov@dmarc.barracudanetworks.com; ruf=mailto:ruf+nv.gov@dmarc.barracudanetworks.com"""
NVSILVERFLUME.GOV,"   p=none;   rua=mailto:rua+nvsilverflume.gov@dmarc.barracudanetworks.com; ruf=mailto:ruf+nvsilverflume.gov@dmarc.barracudanetworks.com"""
NWCLEANAIRWA.GOV,"  p=none;sp=none;adkim=r;aspf=r;  rf=afrf; rua=mailto:dmarc-rua@3dcorp.us;ruf=mailto:dmarc-ruf@3dcorp.us"""
NYCOURTS.GOV,  p=none; rua=mailto:re+andwhoycfeg@dmarc.postmarkapp.com
NYECOUNTYNV.GOV,"   p=none;   rua=mailto:rua+nyecountynv.gov@dmarc.barracudanetworks.com; ruf=mailto:ruf+nyecountynv.gov@dmarc.barracudanetworks.com"""
NYSED.GOV,"   p=none; rua=mailto:dmarc_agg@vali.email"""
NYSENATE.GOV,"   p=none;\013 rua=mailto:dmarcreports@nysenate.gov"""
OAKLANDCA.GOV,"   p=none;   rua=mailto:dmarc_rua@emaildefense.proofpoint.com; ruf=mailto:dmarc_ruf@emaildefense.proofpoint.com"""
OAKLANDPARKFL.GOV,"   p=none; rua=mailto:dmarc@oaklandparkfl.gov; ruf=mailto:dmarc@oaklandparkfl.gov; fo=0:1:d:s;   adkim=r; aspf=r"""
OAKRIDGETN.GOV,"   p=none; rua=mailto:postmaster@oakridgetn.gov; ruf=mailto:Forensicpostmaster@oakridgetn.gov;   adkim=r; aspf=r; sp=none"""
OBERLINKANSAS.GOV, null
OCEANCITYMD.GOV,"  p=none;sp=none; rua=mailto:bashley@oceancitymd.gov"""
OH.GOV,"   p=none; sp=none; rua=mailto:dmarc_agg@valigov.email"""
OHIOAUDITOR.GOV,"   p=none; rua=mailto:dmarc_agg@valigov.email"""
OHIOCOUNTYIN.GOV,"   p=none"""
OK.GOV,"  p=none; rua=mailto:e7ca85912cf7650@rep.dmarcanalyzer.com; ruf=mailto:e7ca85912cf7650@for.dmarcanalyzer.com;fo=1"""
OLDHAMCOUNTYKY.GOV,"   p=quarantine;   rua=mailto:re+j7g7ir7if6i@dmarc.postmarkapp.com; sp=none; aspf=r;"""
ONSLOWCOUNTYNC.GOV,   p=none; rua=mailto:qjjcfumf@ag.us.dmarcian.com
ONTARIOCA.GOV,"   p=none;   rua=mailto:dmarc_rua@emaildefense.proofpoint.com; ruf=mailto:dmarc_ruf@emaildefense.proofpoint.com"""
OPALOCKAFL.GOV,"   p=none;   rua=mailto:rua+opalockafl.gov@dmarc.barracudanetworks.com; ruf=mailto:ruf+opalockafl.gov@dmarc.barracudanetworks.com"""
OPENSOURCE.GOV,"  p=none; rua=mailto:dmarc_reports@opensource.gov;ruf=mailto:dmarc_reports@opensource.gov"""
OREGON.GOV,"   p=quarantine; rua=mailto:eso.soc@oregon.gov; ruf=mailto:eso.soc@oregon.gov; sp=none;   ri=86400"""
OREGONMETRO.GOV,"   p=none; rua=mailto:admin@oregonmetro.gov; ruf=mailto:admin@oregonmetro.gov; fo=1"""
ORLANDO.GOV,"   p=none; rua=mailto:dmarc_agg@vali.email;"""
OSAGENATION-NSN.GOV,"   p=none; rua=mailto:09ad3d52f7c4612@rep.dmarcanalyzer.com; ruf=mailto:09ad3d52f7c4612@for.dmarcanalyzer.com;  """
OTOECOUNTYNE.GOV,"   p=none; fo=0; adkim=r; aspf=r; rf=afrf"""
OURAYCOUNTYCO.GOV,"       rua=mailto:re+y7fivmtyjwd@dmarc.postmarkapp.com; ruf=mailto:postmaster@ouraycountyco.gov; sp=none; aspf=r;"""
OVERTONCOUNTYTN.GOV,"   p=none; rua=mailto:overtoncountytn@tech-realms.com"""
OXFORDAL.GOV,"   p=none; sp=none"""
PA.GOV,"   p=none;   rua=mailto:f8debbc3@mxtoolbox.dmarc-report.com; ruf=mailto:f8debbc3@forensics.dmarc-report.com;"""
PAAUDITOR.GOV,"     rua=mailto:oitadmin@paauditor.gov; p=quarantine; sp=none; adkim=r; aspf=r"""
PADILLABAY.GOV,   p=none; sp=none;   rua=mailto:DMARCAlerts@watech.wa.gov
PAHRUMPNV.GOV,"   p=none;   rua=mailto:rua+pahrumpnv.gov@dmarc.barracudanetworks.com; ruf=mailto:ruf+pahrumpnv.gov@dmarc.barracudanetworks.com"""
PALMBEACHCOUNTY-FL.GOV,   p=none; rua=mailto:e304ea59@mxtoolbox.dmarc-report.com
PALMCOAST.GOV,"  p=none;rua=mailto:dmarc-feedback@palmcoastgov.com;"""
PANAMACITY.GOV,"   p=none; rua=mailto:dmarc@panamacity.gov; ruf=mailto:dmarc@panamacity.gov; sp=quarantine; fo=0;"""
PANAMACITYPOLICE.GOV,"   p=Quarantine; rua=mailto:pcpdit@panamacitypolice.gov; ruf=mailto:pcpdit@panamacitypolice.gov; sp=none; fo=0;"""
PARKERSBURGWV.GOV,"   p=none; rua=mailto:mail@parkersburgwv.gov"""
PASCUAYAQUI-NSN.GOV,"   p=none; rua=mailto:postmaster@pascuayaqui-nsn.gov; fo=1"""
PATREASURY.GOV,"   p=none;   rua=mailto:agg_reports@patreasury.gov; adkim=r; aspf=r; fo=1"""
PAULDING.GOV,"   p=none; rua=mailto:spfdmarc@paulding.gov; ruf=mailto:spfdmarc@paulding.gov; fo=1"""
PCAST.GOV,"     sp=none;     adkim=r; aspf=r; rf=afrf;   rua=mailto:reports@dmarc.cyber.dhs.gov; ruf=mailto:reports@dmarc.cyber.dhs.gov"""
PEARLANDTX.GOV,"   p=none; rua=mailto:f93aa986@in.mailhardener.com"""
PENDERCOUNTYNC.GOV,"   p=none;   rua=mailto:rua+pendercountync.gov@dmarc.barracudanetworks.com; ruf=mailto:ruf+pendercountync.gov@dmarc.barracudanetworks.com"""
PENNSAUKEN.GOV,  p=none;sp=none;adkim=r;aspf=r; fo=0;rf=afrf; rua=mailto:DMARC@pennsauken.gov
PENSACOLAFL.GOV, null
PERSHINGCOUNTYNV.GOV,"     pct=1; rua=mailto:jaw8vp7r@ag.dmarcian.com; ruf=mailto:jaw8vp7r@fr.dmarcian.com;"""
PFLUGERVILLETX.GOV,"   p=none; rua=mailto:dmarc_rua@emaildefense.proofpoint.com; ruf=mailto:dmarc_ruf@emaildefense.proofpoint.com;fo=1"""
PHILA.GOV,   p=none;   rua=mailto:rua_DMARC@phila.gov
PIATT.GOV,"   p=none; rua=mailto:iehzkwar@ag.us.dmarcian.com;"""
PICKENSCOUNTYGA.GOV,"     ruf=mailto:administrator@pickenscountyga.gov; p=none; adkim=s; aspf=r"""
PIERCECOUNTYWA.GOV,"   p=none; rua=mailto:postmaster@piercecountywa.gov"""
PIKEVILLEKY.GOV,"   p=none"""
PIMA.GOV,"   p=none; rua=mailto:dmarc_reports@pima.gov;ruf=mailto:dmarc_reports@pima.gov"""
PINALCOUNTYAZ.GOV,"   p=none; rua=mailto:dmarc-reports@pinalcountyaz.gov"""
PINALCOURTSAZ.GOV,"   p=none"""
PIPESTONECOUNTY.GOV,"   p=none; rua=mailto:obwrblkf@ag.dmarcian.com;"""
PITTSVILLEMD.GOV,"   p=none; rua=mailto:reports@simplecomp.net; sp=none;"""
PLATTSBURG-MO.GOV,"   p=none; rua=mailto:mcoon@plattsburg-mo.gov;"""
PLEASANTPRAIRIEWI.GOV,"  p=quarantine;rua=mailto:92b851d7e778397@rep.dmarcanalyzer.com;ruf=mailto:92b851d7e778397@for.dmarcanalyzer.com;sp=none; """
PLOVERWI.GOV,"   p=none;   rua=mailto:re+yrjco3t3l4j@dmarc.postmarkapp.com; sp=none; aspf=r;"""
PLYMOUTHMI.GOV,"   p=none; rua=mailto:dmarc@itright.com; ruf=mailto:dmarc@itright.com;  """
POL-NSN.GOV,   p=none; rua=mailto:f26c9d7b@mxtoolbox.dmarc-report.com
POPECOUNTYAR.GOV,"   p=none;  """
POPLARVILLEMS.GOV,"   p=none;"""
POQUOSON-VA.GOV,"   p=none; rua=mailto:dmarcreports@poquoson-va.gov"""
PORTCHESTERNY.GOV,"   p=none; rua=mailto:dmarc_agg@vali.email;"""
PORTSMOUTHVA.GOV,"   p=none;   rua=mailto:rua+portsmouthva.gov@dmarc.barracudanetworks.com; ruf=mailto:ruf+portsmouthva.gov@dmarc.barracudanetworks.com"""
POYNETTE-WI.GOV,"   p=none; rua=mailto:daff8718.envisionitllc.com@amer.teams.ms"""
PRATTVILLEAL.GOV,"   p=none; rua=mailto:cadbf75403eb095@rep.dmarcanalyzer.com; ruf=mailto:cadbf75403eb095@for.dmarcanalyzer.com; fo=1"""
PRESTONADAMSCOUNTYWI.GOV,"   p=none"""
PRINCEGEORGESCOUNTYMD.GOV, null
PRINCETONNJ.GOV,"   p=none; Verification details:  mail-tester.com; dkim=pass (1024-bit key; unprotected) header.d=auth.ccsend.com header.i=@auth.ccsend.com header.b=RG0YCWB9; dkim-atps=neutral mail-tester.com; dmarc=none header.from=princetonnj.gov mail-tester.com"""
PRINCEWILLIAMVA.GOV,"   p=none; rua=mailto:7ltivo3p@ag.dmarcian.com; ruf=mailto:7ltivo3p@fr.dmarcian.com;"""
PRISMRISK.GOV,   p=quarantine;pct=25; rua=mailto:wd0laush@ag.us.dmarcian.com
PROMESA.GOV,"  p=quarantine; pct=10; ruf=mailto:dmarc@promesa.gov ;rua=mailto:dmarc@promesa.gov"""
PROSPERTX.GOV,   p=none;   rua=mailto:postmaster@prospertx.gov
PSCLEANAIR.GOV,"  p=none"""
PULLMAN-WA.GOV,"  p=none;ruf=mailto:postmaster@pullman-wa.gov; aspf=s"""
PUTNAMIL.GOV,"  p=none;sp=none; rua=mailto:dmarc@cpointcc.com;ruf=mailto:dmarc@cpointcc.com; aspf=r;adkim=r;fo=1"""
QUANTUM.GOV,"   p=none"""
QUAYCOUNTY-NM.GOV,"   p=none; rua=mailto:itservices@quaycounty-nm.gov; ruf=mailto:itservices@quaycounty-nm.gov; sp=none; ri=84600"""
QUEENCREEKAZ.GOV, null
QUITMANGA.GOV, null
RACINECOUNTY.GOV,"   p=none; rua=mailto:fea1d20891cd993@rep.dmarcanalyzer.com; ruf=mailto:fea1d20891cd993@for.dmarcanalyzer.com;  """
RADFORDVA.GOV,"     rua=mailto:DMARC.Aggregate@radfordva.gov; ruf=mailto:DMARC.Forensic@radfordva.gov; sp=none;  """
RAMSEYCOUNTYND.GOV,"  p=none; rua=mailto:postmaster@nd.gov"""
RARITANTWPNJ.GOV,"   p=none; rua=mailto:ocgadmin@raritantwpnj.gov; ruf=mailto:ocgadmin@raritantwpnj.gov; fo=1"""
REDDING-CA.GOV,"   p=none; rua=mailto:1041887reddingdmarc@ci.redding.ca.us; ruf=mailto:1041887reddingdmarc@ci.redding.ca.us; fo=1"""
REDDINGRANCHERIA-NSN.GOV,"   p=none; rua=mailto:itadmins@redding-rancheria.com; ruf=mailto:hiren.desai@redding-rancheria.com; fo=1"""
REEVESLA.GOV, null
RENO.GOV,"   p=none; rua=mailto:3614a6fdb72d789@rep.dmarcanalyzer.com; ruf=mailto:3614a6fdb72d789@for.dmarcanalyzer.com;  """
RESOURCECOOP-MN.GOV,"   p=none; rua=mailto:dmarc@resourcecoop-mn.gov; ruf=mailto:dmarc@resourcecoop-mn.gov;   adkim=r; aspf=r"""
REYNOLDSBURG.GOV,"   p=none; rua=mailto:administrator@reynoldsburg.gov; ruf=mailto:administrator@reynoldsburg.gov; fo=1"""
REYNOLDSCOUNTY-MO.GOV,"   p=none; rua=mailto:reycocol@reynoldscounty-mo.gov"""
RI.GOV,"   p=none;   rua=mailto:dmarc_rua@emaildefense.proofpoint.com; ruf=mailto:dmarc_ruf@emaildefense.proofpoint.com"""
RIALTOCA.GOV,  p=none;rua=mailto:p3n7js998o@rua.powerdmarc.com
RICHLANDCENTERWI.GOV," "" v=DMARC1; p=none; fo=1"""
RICHLANDS-VA.GOV,"   p=none; sp=none; rua=mailto:dmarc@richlands-va.gov!10m; ruf=mailto:dmarc@richlands-va.gov!10m; rf=afrf;   ri=86400"""
RICHMONDINDIANA.GOV,   p=none; rua=mailto:dmarc@richmondindiana.gov
RIDESHAREWI.GOV,"   p=none; sp=none;   rua=mailto:postmaster@wisconsin.gov; ruf=mailto:postmaster@wisconsin.gov; fo=1"""
RIDESHAREWISCONSIN.GOV,"   p=none; sp=none;   rua=mailto:postmaster@wisconsin.gov; ruf=mailto:postmaster@wisconsin.gov; fo=1"""
ROANOKECOUNTYVA.GOV,"   p=none;   mailto:dmarc_rua@emaildefense.proofpoint.com; ruf=mailto:dmarc_ruf@emaildefense.proofpoint.com"""
ROANOKEVA.GOV,"   p=none; sp=none; ri=86400"""
ROCHESTERNH.GOV,"   p=none; rua=mailto:dmarc_agg@vali.email"""
ROCKFORDIL.GOV,"   p=none;   rua=mailto:aa3f8669@mxtoolbox.dmarc-report.com; ruf=mailto:aa3f8669@forensics.dmarc-report.com;"""
ROCKINGHAMCOUNTYNC.GOV,"   p=quarantine; rua=mailto:dmarc@rockinghamcountync.gov; pct=10;"""
ROCKYMOUNTNC.GOV,"   p=none;   rua=mailto:rua@rockymountnc.gov"""
ROGERSVILLETN.GOV, null
ROYALPALMBEACHFL.GOV,"   p=none; rua=mailto:dmarc_agg@vali.email"""
RRB.GOV,     sp=none;   rua=mailto:DMARC@rrb.gov
RUTHERFORDCOUNTYNC.GOV,"   p=none; rua=mailto:dmarc@rutherfordcountync.gov"""
RUTHERFORDCOUNTYTN.GOV,"   p=none; rua=mailto:james@rcgovt.net"""
SACCOUNTYIOWA.GOV,"   p=none;   rua=mailto:dmarc@saccountyiowa.gov; ruf=mailto:dmarc@saccountyiowa.gov; fo=1"""
SAFEMT.GOV,   p=none; rua=mailto:dmarc@mt.gov
SAGUACHECOUNTY-CO.GOV,"   p=none; rua=mailto:dmarc@saguachecounty-co.gov"""
SALEMCT.GOV,"   p=none;"""
SALISBURYNC.GOV,"   p=none; rua=mailto:b7e1d6c382f2622@rep.dmarcanalyzer.com;"""
SANANTONIO.GOV,"   p=none; rua=mailto:pjulxpzo@ag.dmarcian.com; ruf=mailto:pjulxpzo@fr.dmarcian.com;  """
SANDISFIELDMA.GOV,"   p=none; rua=mailto:dmarc@net-engineering.com; ruf=mailto:dmarc@net-engineering.com; fo=1"""
SANDSPOINT.GOV, null
SANJACINTOCA.GOV,"   p=none;   rua=mailto:dmarc@sanjacintoca.gov; ruf=mailto:dmarc@sanjacintoca.gov; fo=1"""
SANJOSECA.GOV,"   p=none;   rua=mailto:dmarcreport@sanjoseca.gov; ruf=mailto:dmarcreport@sanjoseca.gov; fo=1"""
SANJUANPAIUTE-NSN.GOV,"   p=none;"""
SANPABLOCA.GOV,"   p=none;   rua=mailto:re+vznwmsbeglz@dmarc.postmarkapp.com; sp=none; aspf=r;"""
SANTABARBARACA.GOV,"   p=none;   rua=mailto:dmarc@santabarbaraca.gov; ruf=mailto:dmarc@santabarbaraca.gov; fo=1"""
SANTACLARACA.GOV,"   p=none;   rua=mailto:re+fzhbnnam9xx@dmarc.postmarkapp.com; sp=none; aspf=r;"""
SANTACRUZCOUNTYAZ.GOV,   p=quarantine; pct=20; rua=mailto:itd@santacruzcountyaz.gov
SANTAMONICA.GOV,   p=none;   sp=none;     rua=mailto:dkimfailures@santamonica.gov
SANTAROSANM.GOV,"  p=quarantine;sp=none;adkim=r;aspf=r; fo=0;rf=afrf;ri=86400"""
SAUSALITO.GOV,"   p=none; rua=mailto:dmarc@sausalito.gov; ruf=mailto:dmarc@sausalito.gov; fo=1"""
SAVANNAHGA.GOV,"   p=none;   rua=mailto:rua+savannahga.gov@dmarc.barracudanetworks.com; ruf=mailto:ruf+savannahga.gov@dmarc.barracudanetworks.com"""
SBCOUNTY.GOV,"   p=none"""
SBMTD.GOV, null
SC.GOV,"   p=none; rua=mailto:dsc@admin.sc.gov; ruf=mailto:dsc@admin.sc.gov"""
SCHOUSE.GOV,"   p=none; rua=mailto:dmarc_admin@schouse.gov; ruf=mailto:dmarc_admin@schouse.gov;fo=1"""
SCITUATEMA.GOV,"   p=none; sp=quarantine; rua=mailto:dmarc@scituatema.gov; ruf=mailto:dmarc@scituatema.gov;  """
SCOTTKY.GOV,"  p=none;ruf=mailto:postmaster@scottky.gov;rua=mailto:postmaster@scottky.gov"""
SCOTTSVALLEY-NSN.GOV,"   p=none; rua=mailto:dmarc@sv-nsn.gov; ruf=mailto:dmarc@sv-nsn.gov; fo=1"""
SCRC.GOV,"   p=none;"""
SCREVENCOUNTYGA.GOV, null
SCSENATE.GOV,"   p=none; rua=mailto:dmarc_admin@scsenate.gov; ruf=mailto:dmarc_admin@scsenate.gov;fo=1"""
SCSTATEHOUSE.GOV,"   p=none; rua=mailto:dmarc_admin@scstatehouse.gov; ruf=mailto:dmarc_admin@scstatehouse.gov;fo=1"""
SD.GOV,"   p=none; rua=mailto:dmarcreports@sd.gov; ruf=mailto:dmarcreports@sd.gov;"""
SDLEGISLATURE.GOV,   p=quarantine; pct=75; rua=mailto:t2hm94bw@ag.us.dmarcian.com
SDTREASURER.GOV,"   p=none; rua=mailto:dmarcreports@sdtreasurer.gov; ruf=mailto:dmarcreports@sdtreasurer.gov;"""
SEATPLEASANTMD.GOV, null
SEATTLE.GOV,"   p=none; rua=mailto:dmarc_agg@vali.email"""
SEGUINTEXAS.GOV,"   p=none;  """
SEMINOLECOUNTYFL.GOV,   p=none;   rua=mailto:re+zidqyyivzni@dmarc.postmarkapp.com
SEQUIMWA.GOV,"   p=none"""
SHAKOPEEMN.GOV,"   p=none;   rua=mailto:b9915a45@mxtoolbox.dmarc-report.com; ruf=mailto:b9915a45@forensics.dmarc-report.com;"""
SHEFFIELDMA.GOV,"   p=none; rua=mailto:dmarc@net-engineering.com; ruf=mailto:dmarc@net-engineering.com; fo=1"""
SHELBYCOUNTYTN.GOV,   p=none; rua=mailto:dmarc@shelbycountytn.gov
SHERIDANWY.GOV,"   p=none; rua=mailto:dmarc-reports@sheridanwy.gov"""
SJBPARISH.GOV,"   p=none; rua=mailto:dmarc@stjohn-la.gov; ruf=mailto:dmarc@stjohn-la.gov; fo=1"""
SMITHFIELDVA.GOV," ""Value: v=DMARC1; p=none"""
SMITHSSTATIONAL.GOV,"   p=quarantine; rua=mailto:ed@street-tek.com; ruf=mailto:ed@street-tek.com; fo=0; adkim=r; aspf=r;   rf=afrf;   sp=none"""
SNOHOMISHWA.GOV,"  p=none;rua=mailto:dmarc@snohomishwa.gov;ruf=mailto:dmarc@snohomishwa.gov; """
SOMERVILLEMA.GOV,   p=none; rua=mailto:hnkiq4jz@ag.dmarcian.com
SOURCEWELL-MN.GOV,"   p=none; rua=mailto:sysadmin@sourcewell-mn.gov; ruf=mailto:sysadmin@sourcewell-mn.gov;"""
SOUTHBENDIN.GOV,"   p=none;     rua=mailto:southbendin@rua.dmp.cisco.com; ruf=mailto:southbendin@ruf.dmp.cisco.com"""
SOUTHERNUTE-NSN.GOV, null
SPARKSGA.GOV, null
SPIRITLAKEID.GOV,"  p=none;rua=mailto:postmaster@spiritlakeid.gov"""
SPRINGDALEWI.GOV,"   p=none;"""
SPRINGFIELD-OR.GOV,"   p=none; rua=mailto:3h8kbgyy34@rua.powerdmarc.com; ruf=mailto:3h8kbgyy34@ruf.powerdmarc.com;  """
SPRINGFIELDMO.GOV,"   p=none; rua=mailto:u6szrds0@ag.dmarcian.com; ruf=mailto:u6szrds0@fr.dmarcian.com;"""
STAMFORDCT.GOV,"  "" ""p=none"""
STANLYCOUNTYNC.GOV,"   p=none; rua=mailto:9ush1dcv@ag.dmarcian.com; ruf=mailto:9ush1dcv@fr.dmarcian.com;   aspf=s; adkim=s"""
STARKCOUNTYOHIO.GOV,"   p=none; rua=mailto:jrhum@starkcountyohio.gov; ruf=mailto:jrhum@starkcountyohio.gov; sp=none; ri=86400"""
STATESBOROGA.GOV,"   p=none;   rua=mailto:re+snzuxbn2avd@dmarc.postmarkapp.com; sp=none; aspf=r; adkim=r;"""
STAYTONOREGON.GOV,"   p=none;   rua=mailto:dmarc@staytonoregon.gov; ruf=mailto:dmarc@staytonoregon.gov; fo=1"""
STEPHENSONCOUNTYIL.GOV,"   p=none; rua=mailto:jwilkinson@stephensoncountyil.gov"""
STEPHENVILLETX.GOV,"   p=none; rua=mailto:dmarc@stephenvilletx.gov; ruf=mailto:dmarc@stephenvilletx.gov"""
STEVENSCOUNTYMN.GOV,"  "" ""p=none;"" "" "" ""rua=mailto:dmarc@co.stevens.mn.us;"" ""ruf=mailto:dmarc@co.stevens.mn.us;"" ""fo=1"""
STILLWATERCOUNTYMT.GOV,"   p=none; rua=mailto:jmorse@stillwatercountymt.gov; ruf=mailto:mmscadmin@stillwatercountymt.gov; fo=1"""
STJOHN-LA.GOV,"   p=none; rua=mailto:dmarc@stjohn-la.gov; ruf=mailto:dmarc@stjohn-la.gov; fo=1"""
STLUCIEVILLAGEFL.GOV,"   p=none; rua=mailto:tchannon@terencenet.com"""
STMICHAELMN.GOV,"   p=none; rua=mailto:dmarc@stmichaelmn.gov;"""
STOCKBRIDGE-MA.GOV,"   p=none; rua=mailto:dmarc@net-engineering.com; ruf=mailto:dmarc@net-engineering.com; fo=1"""
STODDARDCOUNTYCLERK.GOV,"   p=none; ruf=mailto:security@bandbmedia.com; fo=1"""
STURGISMI.GOV,"   p=none;   rua=mailto:webmaster@sturgismi.gov"""
SUDBURY-MA.GOV,"  p=none;rua=mailto:postmaster@sudbury-ma.gov;ruf=mailto:postmaster@sudbury-ma.gov;rf=afrf; """
SUFFOLKCOUNTYNY.GOV,   p=none;   rua=mailto:dmarc_rua@emaildefense.proofpoint.com
SULLIVANCOUNTYPA.GOV,"   p=quarantine; pct=1;"""
SUMMERFIELDNC.GOV,"   p=none"""
SUMNERWA.GOV,"   p=none; rua=mailto:cd347f00714b898@rep.dmarcanalyzer.com; ruf=mailto:cd347f00714b898@for.dmarcanalyzer.com;  """
SUMTERCOUNTYFL.GOV,"   p=none; rua=mailto:demarc_rua@sumtercountyfl.gov; ruf=mailto:dmarc_ruf@sumtercountyfl.gov; sp=none;   ri=86400"""
SUNNYSIDE-WA.GOV,"   p=none"""
SURFCITYNC.GOV,"   p=quarantine; pct=10;   rua=mailto:0055b11a@mxtoolbox.dmarc-report.com; ruf=mailto:0055b11a@forensics.dmarc-report.com"""
SUSSEXCOUNTYDE.GOV,"   p=none;       rua=mailto:dmarc_agg@vali.email;"""
SUSSEXCOUNTYVA.GOV,"   p=none;   rua=mailto:rua+sussexcountyva.gov@dmarc.barracudanetworks.com; ruf=mailto:ruf+sussexcountyva.gov@dmarc.barracudanetworks.com"""
SV-NSN.GOV,"   p=quarantine; rua=mailto:1af84a1110dc755@rep.dmarcanalyzer.com; ruf=mailto:1af84a1110dc755@for.dmarcanalyzer.com; sp=none; fo=1"""
SWO-NSN.GOV,"   p=none; rua=mailto:webadmin@swo-nsn.gov; pct=75;"""
TACHI-YOKUT-NSN.GOV,"  p=quarantine;sp=none;adkim=r;aspf=r;  rf=afrf; rua=mailto:rua+tachi-yokut-nsn.gov@dmarc.barracudanetworks.com;ruf=mailto:ruf+tachi-yokut-nsn.gov@dmarc.barracudanetworks.com"""
TALLAPOOSAGA.GOV,"   p=none;     rua=mailto:dmarcreports@tallapoosaga.gov; rf=afrf; ruf=mailto:dmarcreports@tallapoosaga.gov; aspf=r; adkim=s;  """
TAMPA.GOV,"   p=none;   rua=mailto:dmarc_rua@emaildefense.proofpoint.com; ruf=mailto:dmarc_ruf@emaildefense.proofpoint.com"""
TANEYCOUNTYMO.GOV,"   p=none; rua=mailto:dmarc@taneycountymo.gov; ruf=mailto:dmarc@taneycountymo.gov; rf=afrf; sp=none; fo=1"""
TAPPAHANNOCK-VA.GOV,"   p=none; rua=mailto:report@dmarc.em.secureserver.net"""
TARRANTCOUNTYTX.GOV,"   p=none"""
TAYLORTX.GOV,"   p=quarantine; pct=20; s  aspf=r; adkim=s"""
TAZEWELL-IL.GOV,"   p=none; rua=mailto:building@tazewell-il.gov; ruf=mailto:building@tazewell-il.gov; fo=1"""
TEMPLETX.GOV,"   p=none; rua=mailto:dmarc_rua@emaildefense.proofpoint.com; ruf=mailto:dmarc_ruf@emaildefense.proofpoint.com; fo=1"""
TENNESSEE.GOV,"   p=none;   rua=mailto:dmarc_rua@emaildefense.proofpoint.com; ruf=mailto:dmarc_ruf@emaildefense.proofpoint.com"""
TESTND.GOV,"  p=none; rua-mailto:postmaster@testnd.gov"""
TEXAS.GOV,"   p=none; rua=mailto:dmarcreports@texas.gov"""
TEXASAGRICULTURE.GOV,"   p=none; sp=none; rua=mailto:dmarcinfo@texasagriculture.gov!24m; ruf=mailto:dmarcinfo@texasagriculture.gov!24m; rf=afrf;   ri=86400"""
TEXASBULLIONDEPOSITORY.GOV,"   p=quarantine; rua=mailto:dmarc-reports-txbd@texasbulliondepository.gov; ruf=mailto:dmarc-reports-txbd@texasbulliondepository.gov; sp=none; ri=86400"""
TEXDOT.GOV,"   p=quarantine; pct=50; rua=mailto:spam@texdot.gov"""
THECOLONYTX.GOV,"   p=none; rua=mailto:9wxobect@ag.us.dmarcian.com;"""
THEWOODLANDS-TX.GOV,"  p=none"""
THEWOODLANDSTOWNSHIP-TX.GOV,"  p=none"""
THOMSON-MCDUFFIE.GOV,"   p=none;       rua=mailto:6e4ab71d@inbox.ondmarc.com; ruf=mailto:6e4ab71d@inbox.ondmarc.com;"""
THORNTONCO.GOV,"   p=none; rua=mailto:1e192a7c31b9050@rep.dmarcanalyzer.com; ruf=mailto:1e192a7c31b9050@for.dmarcanalyzer.com;  """
THURSTONCOUNTYWA.GOV,"   p=none; rua=mailto:fortimail_test@thurstoncountywa.gov; ruf=mailto:fortimail_test@thurstoncountywa.gov;  """
TIFFINOHIO.GOV,"   p=none; rua=mailto:admin@tiffinohio.gov"""
TIGARD-OR.GOV,"   p=none"""
TITUSVILLEPAPD.GOV,"   p=none; rua=mailto:support@techworx.io; ruf=mailto:support@techworx.io; fo=1"""
TN.GOV,"   p=none;   rua=mailto:dmarc_rua@emaildefense.proofpoint.com; ruf=mailto:dmarc_ruf@emaildefense.proofpoint.com"""
TOLLAND-MA.GOV,"   p=none; rua=mailto:dmarc@net-engineering.com; ruf=mailto:dmarc@net-engineering.com; fo=1"""
TONATION-NSN.GOV,"  "" ""p=none;"" ""rua=mailto:postmaster@tonation-nsn.gov;"" ""ruf=mailto:postmaster@tonation-nsn.gov;"" ""sp=none;"" "" """
TORRANCECA.GOV,"  p=none;rua=mailto:postmaster@torranceca.gov"""
TOWNOFADAMSWI.GOV,"   p=none"""
TOWNOFBLYTHEWOODSC.GOV,"   p=none;   rua=mailto:re+flu1fwmgxmv@dmarc.postmarkapp.com; sp=none; aspf=r;"""
TOWNOFCHAPELHILLTN.GOV,"   p=none; rua=mailto:networksupport@localgovcorp.com"""
TOWNOFDECATURWI.GOV,   p=none; rua=mailto:dmarc@sw1cn24j.uriports.com
TOWNOFEAUGALLEWI.GOV,"   p=none;"""
TOWNOFHAMBURGNY.GOV,"   p=none;   rua=mailto:rua+townofhamburgny.gov@dmarc.barracudanetworks.com; ruf=mailto:ruf+townofhamburgny.gov@dmarc.barracudanetworks.com"""
TOWNOFHAVERHILL-FL.GOV,"   p=none; aspf=r; rua=mailto:postmaster@townofhaverhill-fl.gov; ruf=mailto:postmaster@townofhaverhill-fl.gov"""
TOWNOFHURTVA.GOV, null
TOWNOFPOLK-WI.GOV,"   p=none;   fo=1"""
TOWNOFSCOTTBROWNWI.GOV,"   p=none; rua=mailto:dmarc@wis-imaging.com"""
TOWNOFSURFSIDEFL.GOV,"   p=none;   rua=mailto:dmarc@townofsurfsidefl.gov; ruf= mailto:dmarc@townofsurfsidefl.gov; fo=1"""
TOWNOFTHOMSONMN.GOV,"   p=none; rua=mailto:DMARC@townofthomsonmn.gov; ruf=mailto:DMARC@townofthomsonmn.gov;"""
TRAVISCOUNTYTX.GOV,"  "" "" "" ""sp=none;"" "" "" ""rua=mailto:dmarc_rua@emaildefense.proofpoint.com;"" ""ruf=mailto:dmarc_ruf@emaildefense.proofpoint.com"""
TRENTONOH.GOV,"     sp=none; ri=86400"""
TROYMI.GOV,"   p=none"""
TRUMAN.GOV,"   p=none; rua=mailto:dmarc@truman.gov; ruf=mailto:dmarc@truman.gov; fo=1"""
TRUMBULL-CT.GOV,"   p=quarantine; rua=mailto:7ea1cf4e@mxtoolbox.dmarc-report.com; ruf=mailto:7ea1cf4e@forensics.dmarc-report.com;   pct=10"""
TUCSONAZ.GOV,"   p=none;"""
TULALIPTRIBES-NSN.GOV,"   p=none; rua=mailto:serveradministrators@tulaliptribes-nsn.gov; ruf=mailto:serveradministrators@tulaliptribes-nsn.gov; fo=1"""
TUSCALOOSA-AL.GOV,"   p=none;   rua=mailto:rua+tuscaloosa-al.gov@dmarc.barracudanetworks.com; ruf=mailto:ruf+tuscaloosa-al.gov@dmarc.barracudanetworks.com"""
TX.GOV,"   p=none; rua=mailto:dmarcreports@dir.texas.gov"""
TXDOT.GOV,"   p=quarantine; pct=50; rua=mailto:spam@txdot.gov"""
TYNGSBOROUGHMA.GOV,"     pct=0; rua=mailto:re+rzo1bfkjb5h@dmarc.postmarkapp.com; ruf=mailto:tech@tyngsboroughma.gov; sp=none; aspf=r;"""
UCIA.GOV,"   p=none;   rua=mailto:demarcreports@uce.cia.gov; ruf=mailto:demarcfailures@uce.cia.gov"""
UNIONCOUNTYOHIO.GOV, null
UPLANDCA.GOV,"   p=none; rua=mailto:dmarc_agg@vali.email"""
UPPERMARLBOROMD.GOV,"   p=none"""
UPPERSKAGITTRIBE-NSN.GOV,"   p=none; sp=none; rua=mailto:dmarc@mailinblue.com!10m; ruf=mailto:dmarc@mailinblue.com!10m; rf=afrf;   ri=86400"""
UPPERUWCHLAN-PA.GOV,"   p=quarantine; rua=mailto:postmaster@upperuwchlan-pa.gov; pct=5;"""
URBANNAVA.GOV,"   p=none"""
USC.GOV,"     sp=none;adkim=r;aspf=r;rua=mailto:aggregate@uscourts.gov;ruf=mailto:forensics@uscourts.gov"""
USCCR.GOV,     sp=none;     rf=afrf;   rua=mailto:d7bf3d87@inbox.ondmarc.com
UTAH.GOV,"  "" ""p=none;"" ""rua=mailto:dmarcreporting@utah.gov;"" ""adkim=r;"" ""aspf=r;"" ""sp=none"""
UTICA-IL.GOV,"   p=none;"""
UVALDETX.GOV,"   p=none; rua=mailto:n9cdqre2@ag.dmarcian.com;"""
UXBRIDGE-MA.GOV,"   p=none"""
VALLEYCOUNTYMT.GOV,"   p=none; rua=mailto:support@valleycountymt.gov; ruf=mailto:support@valleycountymt.gov; sp=none; ri=86400"""
VANBURENCOUNTY-MI.GOV,"   p=none;"""
VANBURENCOUNTYMI.GOV,"   p=none;"""
VANWERTCOUNTYOHIO.GOV," ""_dmarc.vanwertcountyohio.gov. IN TXT \  p=none; sp=none; ri=86400\"""""
VERMONT.GOV,"   p=none; sp=none; adkim=r;     rua=mailto:ADS.SecurityDLP@vermont.gov; ruf=mailto:ADS.SecurityDLP@vermont.gov"""
VESTALNY.GOV,"   p=none; rua=mailto:dmarc@vestalny.gov;  """
VIENNAVA.GOV,"  p=none; rua=mailto:792294d4@mxtoolbox.dmarc-report.com;ruf=mailto:792294d4@forensics.dmarc-report.com; """
VILLAGEOFGRANTSBURG.GOV,"   p=none"""
VILLAGEOFMINONGWI.GOV,"   p=none; rua=mailto:c35ea4ab@mxtoolbox.dmarc-report.com; ruf=mailto:c35ea4ab@forensics.dmarc-report.com; fo=1"""
VILLAPARKIL.GOV,"   p=none;   rua=mailto:dmarc@invillapark.com; ruf=mailto:dmarc@invillapark.com; fo=1"""
VOLENTETEXAS.GOV,"  p=none;sp=none;adkim=r;aspf=r; fo=0;rf=afrf; rua=mailto:do_not_reply@volentetexas.gov"""
VOTECOLUMBIAFL.GOV,"   p=quarantine;   rua=mailto:re+onxdzt2klvv@dmarc.postmarkapp.com; ruf=mailto:dmarc@votecolumbiafl.gov; sp=none; aspf=r;"""
VOTEGULF.GOV,"     rua=mailto:dmarc-rua@votegulf.gov; ruf=mailto:dmarc-ruf@votegulf.gov;   sp=none;"""
VOTEPALMBEACH.GOV,   p=none; rua=mailto:cyber@votepalmbeach.gov
VT.GOV,"   p=none; sp=none; adkim=r;     rua=mailto:ADS.SecurityDLP@vermont.gov; ruf=mailto:ADS.SecurityDLP@vermont.gov"""
WA.GOV,"   p=none; sp=none;   rua=mailto:DMARCAlerts@watech.wa.gov; ruf=mailto:DMARCAlerts@watech.wa.gov"""
WACOTX.GOV,   p=none;   rua=mailto:re+m4c3llesjw1@dmarc.postmarkapp.com
WAKEFORESTNC.GOV,"   p=none;"""
WALKERCOUNTYGA.GOV, null
WALLACENC.GOV,"     p=none"""
WALLAWALLAWA.GOV,"   p=none; rua=mailto:f7253344dc9f249@rep.dmarcanalyzer.com; ruf=mailto:f7253344dc9f249@for.dmarcanalyzer.com; fo=1"""
WAMPANOAGTRIBE-NSN.GOV,"   p=none; rua=mailto:2f4071f5@mxtoolbox.dmarc-report.com; ruf=mailto:2f4071f5@forensics.dmarc-report.com;    """
WARDND.GOV,"  p=none; rua=mailto:postmaster@nd.gov"""
WARNERNH.GOV,"   p=none;   rua=mailto:re+ubvzz5e8gld@dmarc.postmarkapp.com; sp=none; aspf=r;"""
WARRENTONVA.GOV,"   p=none;   rua=mailto:91bfd6d1@mxtoolbox.dmarc-report.com; ruf=mailto:91bfd6d1@forensics.dmarc-report.com;"""
WASHCOWI.GOV,"   p=none; rua=mailto:dmarc@washozwi.gov"""
WASHINGTONCOUNTYAR.GOV,"   p=none; rua=mailto:esaservice@washingtoncountyar.gov;"""
WASHINGTONCOUNTYNY.GOV,"     rua=mailto:365security@washingtoncountyny.gov; ruf=mailto:365security@washingtoncountyny.gov; sp=none; ri=86400"""
WASHINGTONDC.GOV,"   p=none; rua=mailto:a6p7qzhr@ag.dmarcian.com;"""
WASHMO.GOV,"   p=none; rua=mailto:84f10529f59a.a@dmarcinput.com; ruf=mailto:84f10529f59a.f@dmarcinput.com; sp=none; fo=1"""
WASHOECOUNTY.GOV,   p=none; rua=mailto:dmarc_rua@emaildefense.proofpoint.com
WATAUGATX.GOV,"   p=none; rua=mailto:abuse@wataugatx.gov; ruf=mailto:abuse@wataugatx.gov; fo=1"""
WATERBORO-ME.GOV,"   sp=none;adkim=r;aspf=r; fo=0;rf=afrf; rua=mailto:jrsi5xux@ag.dmarcian.com;ruf=mailto:jrsi5xux@fr.dmarcian.com"""
WATERTOWN-MA.GOV,"   p=none;   rua=mailto:rua+watertown-ma.gov@dmarc.barracudanetworks.com; ruf=mailto:ruf+watertown-ma.gov@dmarc.barracudanetworks.com"""
WAUKEGANIL.GOV,   p=none;   rua=mailto:IT_SEC@waukeganil.gov
WAUKESHACOUNTY.GOV,"   p=quarantine; rua=mailto:6285539c95285@ag.dmarcly.com; ruf=mailto:6285539c95285@fo.dmarcly.com; sp=none; pct=25; fo=0:1:d:s;"""
WAUSAUWI.GOV,"   p=none; rua=mailto:dmarc_agg@vali.email"""
WAVERLYPA.GOV,"   p=none"""
WCNYH.GOV,"   p=none; rua=mailto:postmaster@wcnyh.gov; ruf=mailto:postmaster@wcnyh.gov; fo=1"""
WEATHERFORDTX.GOV,"   p=none; rua=mailto:dmarc-reports@weatherfordtx.gov"""
WEBSTERGROVESMO.GOV,"   p=none; rua=mailto:dmarc@webstergrovesmo.gov;"""
WELLFLEET-MA.GOV, null
WESTALLISWI.GOV,   p=none;   rua=mailto:dmarc@westalliswi.gov
WESTCHESTERCOUNTYNY.GOV,"   p=none; rua=mailto:DKIM-failure@westchestergov.com; ruf=mailto:DKIM-forensic@westchestergov.com; adkim=r; aspf=r; sp=none;"""
WESTCOMM-MA.GOV,"   p=none;   rua=mailto:dmarc@westcomm-ma.gov"""
WESTFORDMA.GOV,"   p=quarantine;   rua=mailto:re+iiiyg1mljxr@dmarc.postmarkapp.com; ruf=mailto:dmarc@westfordma.gov; sp=none; aspf=r; fo=0;"""
WESTHARTFORDCT.GOV,"  p=none; rua=mailto:DMARC.Reports@WestHartfordCT.gov"""
WESTLAKEHILLS.GOV, null
WESTMELBOURNE.GOV,"   p=none; rua=mailto:syslogs@westmelbourne.gov; ruf=mailto:syslogs@westmelbourne.gov; sp=none; ri=86400"""
WESTMINSTER-CA.GOV,"  p=none; adkim=r;aspf=r;rua=mailto:itvm@westminster-ca.gov;ruf=mailto:itvm@westminster-ca.gov;ri=846000;fo=1"""
WESTMINSTERMD.GOV,"   p=none;   rua=mailto:rua+westgov.com@dmarc.barracudanetworks.com; ruf=mailto:ruf+westgov.com@dmarc.barracudanetworks.com"""
WESTONCT.GOV,"   p=quarantine; pct=25; rua=mailto:re+rcwddqezzdf@dmarc.postmarkapp.com; sp=none; aspf=r;"""
WESTONMA.GOV,"   p=none; rua=mailto:postmaster@westonma.gov"""
WESTSTOCKBRIDGE-MA.GOV,"   p=none; rua=mailto:dmarc@net-engineering.com; ruf=mailto:dmarc@net-engineering.com; fo=1"""
WHEELINGIL.GOV,"  p=none;sp=none;pct=50;adkim=r;aspf=r;rua=mailto:dmarc_rua@wheelingil.gov;ruf=mailto:dmarc_rua@wheelingil.gov; fo=1"""
WHITEHOUSE.GOV,"   p=none; rua=mailto:reports@dmarc.cyber.dhs.gov"""
WI.GOV,"   p=none; sp=none;   rua=mailto:postmaster@wisconsin.gov; ruf=mailto:postmaster@wisconsin.gov; fo=1"""
WICHITA.GOV,"   p=none; rua=mailto:dmarc_agg@vali.email"""
WICONNECTIONS2030.GOV,"   p=none; sp=none;   rua=mailto:postmaster@wisconsin.gov; ruf=mailto:postmaster@wisconsin.gov; fo=1"""
WICOURTS.GOV,"   p=none; rua=mailto:c66d3af3927a711@rep.dmarcanalyzer.com; ruf=mailto:c66d3af3927a711@for.dmarcanalyzer.com; fo=1"""
WIDOJ.GOV,"   p=none; sp=none; ruf=mailto:bcsauthfail@widoj.gov; rua=mailto:bcsdmarcaggrpt@widoj.gov"""
WILAWLIBRARY.GOV,"  p=quarantine;sp=none;adkim=r;aspf=r; fo=0;rf=afrf;ri=86400"""
WILDERKY.GOV,"   p=quarantine; rua=mailto:admin@wilderky.gov; pct=90; sp=none"""
WILLIAMSAZ.GOV,"   p=none;"""
WINDCREST-TX.GOV, null
WINDSOR-VA.GOV,"   p=none; fo=1"""
WINNEBAGOCOUNTYWI.GOV,"   p=none; rua=mailto:c5c9da4d589b402@rep.dmarcanalyzer.com; ruf=mailto:c5c9da4d589b402@for.dmarcanalyzer.com;  """
WINNECONNEWI.GOV,"   p=none; rua=mailto:62101056269c3@ag.dmarcly.com; ruf=mailto:62101056269c3@fo.dmarcly.com; sp=none;"""
WISCONSIN.GOV,"   p=none; sp=none;   rua=mailto:postmaster@wisconsin.gov; ruf=mailto:postmaster@wisconsin.gov; fo=1"""
WISCONSINDOT.GOV,"   p=none; sp=none;   rua=mailto:postmaster@wisconsin.gov; ruf=mailto:postmaster@wisconsin.gov; fo=1"""
WMATA.GOV,   p=none; rua=mailto:dmarc_agg@valigov.email
WOODCOUNTYOHIO.GOV,"  p=none; rua=mailto:dee0368526@rua.easydmarc.us;ruf=mailto:dee0368526@ruf.easydmarc.us; fo=1"""
WOODCOUNTYWI.GOV,   p=none; rua=mailto:dmarc@woodcountywi.gov
WOODRIDGEIL.GOV,"   p=none; rua=mailto:dmarc_agg@vali.email;"""
WORCESTERMD.GOV,"     rua=mailto:lthomas@co.worcester.md.us; ruf=mailto:lthomas@co.worcester.md.us; sp=none; fo=0"""
WVC-UT.GOV,"   p=none; sp=none; rua=mailto:dmarc@wvc-ut.gov"""
WVOASIS.GOV,"   p=quarantine;   rua=mailto:re+bshi0ymi0gw@dmarc.postmarkapp.com; sp=none; aspf=r;"""
WYO.GOV, null
YADKINCOUNTYNC.GOV,"   p=none;   rua=mailto:dmarc@yadkincountync.gov; ruf=mailto:dmarc@yadkincountync.gov; fo=1"""
YAKAMAFISH-NSN.GOV,"   p=none; rua=mailto:dmarcreports@yakamafish-nsn.gov;   adkim=r; aspf=r;"""
YORBALINDACA.GOV,"   p=none; sp=none;     rua=mailto:yorbalindacagov@rua.agari.com; ruf=mailto:yorbalindacagov@ruf.agari.com"""
YORKCOUNTY.GOV,   p=none;   rua=mailto:xvzisbqq@ag.dmarcian.com
YOUNGSVILLELA.GOV,"   p=none;  """
YUMAAZ.GOV,"   p=none;   rua=mailto:dmarc_rua@emaildefense.proofpoint.com; ruf=mailto:dmarc_ruf@emaildefense.proofpoint.com"""
YUMACOUNTYAZ.GOV,   p=none; rua=mailto:1iiy27tx@ag.dmarcian.com
ZIONSVILLE-IN.GOV,"   p=none;   rua=mailto:rua+zionsville-in.gov@dmarc.barracudanetworks.com; ruf=mailto:ruf+zionsville-in.gov@dmarc.barracudanetworks.com"""
,
,
,
,
,
,
,
,
,
,
,
,
,
,
,
,
,
,
,
,
,
,
,
,
,
,
,
,
,
,
,
,
,
,
,
,
,
,
,
,
,
,
,
,
,
,
,
,
,
,
,
,
,
,
,
,
,
,
,
,
,
,
,
,
,
,
,
,
,
,
,
,
,
,
,
,
,
,
,
,
,
,
,
,
,
,
,
,
,
,
,
,
,
,
,
,
,
,
,
,
,
,
,
,
,
,
,
,
,
,
,
,
,
,
,
,
,
,
,
,
,
,
,
,
,
,
,
,
,
,
,
,
,
,
,
,
,
,
,
,
,
,
,
,
,
,
,
,
,
,
,
,
,
,
,
,
,
,
,
,
,
,
,
,
,
,
,
,
,
,
,
,
,
,
,
,
,
,
,
,
,
,
,
,
,
,
,
,
,
,
,
,
,
,
,
